secs,&nbsp;4 17:21+1&gt;9,&nbsp;5b 17:23+1&gt;10,&nbsp;6a 17:26+1&gt;9,&nbsp;6a 17:32+2&gt;11,&nbsp;6a 17:38+2&gt;9,&nbsp;5b 17:41+1&gt;11,&nbsp;5c 17:44+1&gt;9,-6a+ 17:47+0&gt;3,-6a+ 17:48+2&gt;10,&nbsp;7a 18:24+3&gt;8,&nbsp;6a+ 18:33+2&gt;8,-6b+ 18:59+2&gt;2,&nbsp;5a 19:03+1&gt;7,&nbsp;6b+ 19:08+2&gt;8,&nbsp;6c 19:31+2&gt;5,&nbsp;6a+ 19:33+0&gt;5,&nbsp;6a+ 19:56+2&gt;9,&nbsp;5b 19:59+1&gt;7,&nbsp;6a 20:12+2&gt;8,&nbsp;6b 20:18+4&gt;10
0,NaN,0.00,NaN,NaN,NaN,NaN,NaN,NaN,0.00,NaN,NaN,NaN,NaN,NaN,0.00,NaN,NaN,NaN,NaN,NaN
1,0.00,0.01,0.01,NaN,NaN,-0.00,0.00,0.00,-0.00,-0.00,0.00,NaN,NaN,-0.00,NaN,NaN,0.01,0.00,0.00,0.01
1.5,0.30,0.33,0.04,0.00,-0.00,0.00,0.08,0.28,NaN,0.04,0.31,0.30,-0.00,NaN,0.05,0.05,0.01,-0.00,0.29,0.31
2,0.30,0.32,0.16,0.28,0.16,0.15,0.11,0.23,NaN,0.08,0.30,0.26,0.35,NaN,0.10,0.06,0.12,0.07,0.28,0.28
2.5,0.24,0.27,0.18,0.15,0.00,0.20,0.14,0.15,NaN,0.12,0.23,0.19,0.28,NaN,0.14,0.03,0.13,0.03,0.18,0.19
3,0.19,0.25,0.23,0.07,NaN,0.24,0.16,0.12,NaN,0.15,0.18,0.15,0.27,NaN,0.15,0.07,0.14,NaN,0.17,0.16
3.5,0.15,0.27,0.25,0.01,NaN,0.25,0.17,0.13,NaN,0.18,0.17,0.07,0.25,NaN,0.15,0.06,0.14,NaN,0.14,0.12
4,0.14,0.29,0.24,NaN,NaN,0.25,0.16,0.14,NaN,0.20,0.16,0.05,0.26,NaN,0.19,0.04,0.16,NaN,0.11,0.12
4.5,0.15,0.28,0.27,NaN,NaN,0.28,0.15,0.19,NaN,0.22,0.14,-0.00,0.26,NaN,0.18,0.05,0.15,NaN,0.07,0.11
5,0.21,0.36,0.38,0.00,NaN,0.40,0.17,0.25,NaN,0.24,0.13,NaN,0.26,-0.00,0.21,0.09,0.18,NaN,0.04,0.12
5.5,0.24,0.41,0.47,0.02,NaN,0.57,0.17,0.27,NaN,0.27,0.15,NaN,0.27,0.01,0.22,0.11,0.22,NaN,0.01,0.09
6,0.31,0.46,0.57,0.11,NaN,0.74,0.14,0.37,0.01,0.25,0.17,NaN,0.27,0.01,0.23,0.12,0.20,NaN,NaN,0.10
6.5,0.37,0.58,0.65,0.25,NaN,0.82,0.15,0.56,0.15,0.20,0.21,NaN,0.24,0.00,0.23,0.11,0.21,NaN,NaN,0.09
7,0.42,0.66,0.74,0.38,0.01,0.97,0.13,0.72,0.31,0.19,0.23,NaN,0.23,0.02,0.24,0.12,0.22,NaN,NaN,0.10
7.5,0.43,0.73,0.89,0.47,0.07,1.07,0.13,0.84,0.43,0.20,0.27,NaN,0.26,0.10,0.27,0.19,0.20,NaN,NaN,0.13
8,0.49,0.78,1.03,0.55,0.33,1.15,0.19,0.94,0.52,0.28,0.28,NaN,0.24,0.14,0.27,0.33,0.18,NaN,NaN,0.15
8.5,0.49,0.84,1.13,0.62,0.54,1.21,0.24,1.00,0.55,0.39,0.22,NaN,0.27,0.22,0.28,0.38,0.15,NaN,NaN,0.14
9,0.53,0.88,1.20,0.67,0.68,1.23,0.27,1.01,0.59,0.56,0.21,NaN,0.34,0.27,0.31,0.42,0.18,NaN,NaN,0.14
9.5,0.65,0.90,1.24,0.81,0.77,1.29,0.30,1.06,0.60,0.73,0.36,NaN,0.41,0.39,0.30,0.46,0.16,NaN,NaN,0.16
10,0.72,0.90,1.27,0.87,0.80,1.30,0.35,1.10,0.65,0.80,0.37,NaN,0.43,0.44,0.30,0.48,0.15,NaN,NaN,0.19
10.5,0.78,0.86,1.28,0.98,0.87,1.38,0.40,1.11,0.64,0.92,0.50,NaN,0.51,0.47,0.40,0.58,0.16,NaN,NaN,0.31
11,0.80,0.83,1.34,1.03,0.90,1.53,0.49,1.15,0.67,0.99,0.63,NaN,0.55,0.59,0.49,0.73,0.19,NaN,0.05,0.38
11.5,0.77,0.89,1.36,1.05,0.92,1.58,0.61,1.14,0.74,1.05,0.73,NaN,0.54,0.72,0.58,0.89,0.23,NaN,0.19,0.43
12,0.79,0.97,1.39,1.01,0.92,1.65,0.75,1.15,0.85,1.08,0.75,NaN,0.51,0.81,0.68,0.99,0.33,NaN,0.27,0.49
12.5,0.86,1.03,1.35,0.99,0.93,1.65,0.86,1.25,1.04,1.11,0.75,NaN,0.55,0.95,0.78,1.04,0.44,NaN,0.37,0.56
13,0.93,1.07,1.33,1.07,0.88,1.71,0.87,1.30,1.17,1.10,0.70,NaN,0.60,1.05,0.79,1.10,0.59,NaN,0.42,0.60
13.5,0.95,1.10,1.28,1.14,0.82,1.85,0.87,1.32,1.26,1.12,0.68,NaN,0.65,1.13,0.80,1.17,0.68,NaN,0.48,0.67
14,0.93,1.15,1.29,1.23,0.76,2.00,0.83,1.34,1.34,1.10,0.68,NaN,0.68,1.24,0.77,1.23,0.68,NaN,0.54,0.86
14.5,0.91,1.25,1.34,1.28,0.78,2.09,0.84,1.37,1.39,1.09,0.63,NaN,0.69,1.26,0.73,1.24,0.74,0.01,0.56,1.03
15,0.89,1.32,1.43,1.31,0.85,2.16,0.90,1.32,1.43,1.06,0.58,NaN,0.69,1.36,0.78,1.24,0.76,0.04,0.61,1.13
15.5,0.96,1.34,1.48,1.39,0.98,2.23,0.96,1.28,1.45,1.01,0.57,NaN,0.70,1.40,0.84,1.44,0.96,0.08,0.64,1.21
16,1.03,1.43,1.57,1.42,1.01,2.27,0.99,1.33,1.41,1.01,0.61,NaN,0.72,1.44,0.94,1.48,1.00,0.15,0.67,1.27
16.5,1.12,1.48,1.60,1.54,1.09,2.34,1.02,1.35,1.39,0.97,0.64,NaN,0.72,1.45,1.00,1.59,1.05,0.18,0.68,1.35
17,1.24,1.56,1.66,1.63,1.17,2.39,1.08,1.37,1.46,0.97,0.68,-0.00,0.74,1.46,0.99,1.66,1.05,0.21,0.73,1.40
17.5,1.39,1.66,1.73,1.74,1.23,2.60,1.10,1.46,1.56,1.07,0.79,0.02,0.86,1.49,1.05,1.73,1.07,0.16,0.73,1.45
18,1.44,1.77,1.82,1.93,1.27,2.72,1.10,1.58,1.65,1.23,0.91,0.09,1.00,1.50,1.09,1.73,1.06,0.12,0.80,1.49
18.5,1.60,1.88,1.93,2.05,1.29,2.81,1.23,1.66,1.76,1.35,1.01,0.13,1.17,1.59,1.11,1.72,1.08,0.05,0.89,1.59
19,1.75,1.95,2.08,2.18,1.32,2.99,1.29,1.73,1.85,1.43,1.11,0.15,1.29,1.69,1.12,1.77,1.19,0.04,0.94,1.68
19.5,1.83,2.00,2.15,2.32,1.36,3.16,1.39,1.81,1.89,1.51,1.14,0.22,1.34,1.72,1.11,1.75,1.36,0.01,0.98,1.75
20,1.92,2.05,2.20,2.40,1.39,3.25,1.42,1.83,1.93,1.56,1.24,0.25,1.38,1.73,1.10,1.79,1.43,0.02,0.94,1.83
20.5,1.96,2.07,2.22,2.47,1.42,3.31,1.46,1.88,1.95,1.66,1.40,0.26,1.39,1.81,1.08,1.80,1.58,-0.00,0.88,1.84
21,2.02,2.09,2.25,2.54,1.50,3.40,1.49,1.94,1.95,1.74,1.43,0.24,1.44,1.86,1.01,1.90,1.57,NaN,0.83,1.86
21.5,2.19,2.12,2.27,2.56,1.63,3.38,1.58,1.94,1.93,1.85,1.43,0.27,1.52,1.90,1.00,1.99,1.58,NaN,0.77,1.94
22,2.33,2.14,2.29,2.60,1.70,3.41,1.60,1.97,1.92,1.88,1.43,0.27,1.54,1.93,0.96,2.03,1.58,NaN,0.75,1.99
22.5,2.44,2.19,2.31,2.61,1.72,3.44,1.69,1.97,1.94,1.94,1.40,0.28,1.52,2.04,0.94,2.13,1.57,0.01,0.72,2.15
23,2.59,2.21,2.35,2.63,1.81,3.55,1.78,1.96,1.98,1.99,1.38,0.33,1.48,2.13,1.01,2.22,1.58,0.06,0.72,2.28
23.5,2.76,2.26,2.33,2.60,1.90,3.64,1.85,2.01,2.02,1.99,1.38,0.36,1.47,2.18,1.08,2.28,1.57,0.19,0.75,2.37
24,2.83,2.29,2.30,2.61,1.92,3.72,1.98,2.07,2.04,2.07,1.40,0.36,1.51,2.27,1.13,2.30,1.57,0.26,0.79,2.40
24.5,2.95,2.37,2.30,2.61,1.92,3.74,2.11,2.16,2.00,2.06,1.36,0.35,1.54,2.34,1.13,2.33,1.59,0.31,0.89,2.45
25,3.03,2.48,2.33,2.65,1.96,3.80,2.16,2.22,2.03,2.06,1.34,0.33,1.53,2.40,1.10,2.40,1.58,0.29,1.05,2.50
25.5,3.10,2.54,2.36,2.67,1.95,3.84,2.22,2.32,2.11,2.03,1.34,0.36,1.49,2.39,1.08,2.52,1.71,0.30,1.22,2.58
26,3.18,2.59,2.45,2.77,1.98,3.89,2.27,2.39,2.17,2.02,1.43,0.40,1.46,2.39,1.04,2.60,1.81,0.33,1.35,2.63
26.5,3.28,2.62,2.53,2.92,1.99,3.95,2.29,2.46,2.21,1.91,1.52,0.50,1.45,2.43,1.02,2.68,1.92,0.41,1.44,2.67
27,3.40,2.62,2.60,3.03,1.98,4.05,2.32,2.49,2.23,1.75,1.61,0.55,1.41,2.45,1.03,2.75,1.99,0.54,1.54,2.63
27.5,3.55,2.65,2.65,3.12,1.98,4.16,2.36,2.51,2.26,1.66,1.66,0.54,1.39,2.50,1.01,2.76,2.06,0.59,1.60,2.60
28,3.68,2.70,2.74,3.19,1.98,4.20,2.38,2.54,2.29,1.63,1.60,0.54,1.48,2.54,1.02,2.77,2.10,0.68,1.72,2.53
28.5,3.77,2.80,2.85,3.29,1.97,4.21,2.41,2.59,2.43,1.53,1.49,0.55,1.53,2.59,1.02,2.91,2.18,0.76,1.79,2.53
29,3.83,2.91,2.89,3.37,1.94,4.23,2.41,2.60,2.58,1.47,1.45,0.57,1.60,2.64,1.00,3.03,2.28,0.86,1.92,2.53
29.5,3.82,3.04,2.96,3.39,1.92,4.32,2.40,2.68,2.69,1.45,1.40,0.54,1.65,2.67,0.99,3.11,2.36,0.92,2.00,2.63
30,3.83,3.17,2.98,3.47,1.92,4.47,2.41,2.75,2.81,1.49,1.40,0.64,1.66,2.70,0.99,3.14,2.41,1.03,2.08,2.76
30.5,3.78,3.23,3.05,3.51,1.92,4.62,2.46,2.80,2.89,1.59,1.39,0.68,1.71,2.74,1.01,3.18,2.41,1.14,2.17,2.82
31,3.84,3.33,3.16,3.55,1.93,4.73,2.46,2.83,3.11,1.69,1.35,0.87,1.74,2.77,1.03,3.18,2.58,1.27,2.29,2.96
31.5,3.96,3.42,3.24,3.56,1.98,4.85,2.42,2.90,3.19,1.75,1.29,0.97,1.75,2.77,1.04,3.15,2.52,1.37,2.33,3.03
32,4.07,3.45,3.30,3.58,2.02,4.97,2.43,2.77,3.30,1.80,1.30,1.08,1.78,2.81,1.06,3.11,2.46,1.48,2.38,3.08
32.5,4.12,3.46,3.31,3.61,2.05,5.06,2.48,2.52,3.36,1.89,1.37,1.18,1.80,2.87,1.10,3.06,2.45,1.60,2.42,3.15
33,4.08,3.47,3.35,3.61,2.11,5.13,2.52,2.24,3.48,1.90,1.44,1.27,1.81,2.94,1.13,3.11,2.41,1.70,2.46,3.25
33.5,4.08,3.47,3.38,3.62,2.15,5.13,2.57,1.95,3.61,1.96,1.55,1.34,1.79,2.96,1.12,3.22,2.47,1.75,2.47,3.35
34,4.14,3.45,3.38,3.63,2.22,5.12,2.66,1.65,3.66,1.97,1.68,1.44,1.85,2.98,1.12,3.31,2.48,1.83,2.50,3.47
34.5,4.27,3.41,3.39,3.67,2.25,5.11,2.74,1.53,3.75,2.00,1.88,1.58,1.92,3.01,1.11,3.34,2.51,1.90,2.51,3.55
35,4.40,3.39,3.44,3.66,2.25,5.08,2.80,1.17,3.88,2.05,1.96,1.67,2.03,2.97,1.09,3.37,2.52,2.01,2.55,3.63
35.5,4.44,3.38,3.46,3.65,2.26,5.03,2.83,0.83,3.90,2.06,2.13,1.66,2.10,2.99,1.01,3.41,2.52,2.08,2.57,3.69
36,4.50,3.33,3.51,3.61,2.28,5.03,2.83,0.50,3.85,2.08,2.29,1.66,2.17,3.02,0.94,3.44,2.59,2.12,2.56,3.75
36.5,4.57,3.33,3.53,3.59,2.30,5.05,2.87,0.33,3.82,2.09,2.41,1.63,2.21,3.06,0.92,3.50,2.62,2.15,2.56,3.81
37,4.69,3.35,3.57,3.55,2.32,5.03,2.91,0.26,3.83,2.12,2.50,1.60,2.23,3.07,0.88,3.53,2.64,2.17,2.63,3.86
37.5,4.80,3.43,3.61,3.49,2.31,5.04,2.95,0.23,3.87,2.19,2.61,1.56,2.21,3.10,0.85,3.53,2.71,2.20,2.73,3.90
38,4.90,3.50,3.64,3.40,2.28,5.07,3.00,0.18,3.97,2.24,2.77,1.43,2.24,3.11,0.87,3.53,2.75,2.24,2.77,3.94
38.5,4.97,3.63,3.69,3.37,2.30,5.12,3.04,0.15,4.01,2.30,2.90,1.38,2.31,3.11,0.92,3.54,2.77,2.31,2.84,3.98
39,5.03,3.74,3.71,3.32,2.31,5.24,3.14,NaN,4.11,2.38,2.98,1.28,2.39,3.09,0.94,3.60,2.90,2.37,2.85,4.07
39.5,5.14,3.84,3.69,3.35,2.33,5.35,3.20,NaN,4.18,2.46,3.05,1.20,2.47,3.10,1.00,3.66,3.03,2.35,2.86,4.15
40,5.33,3.89,3.69,3.42,2.30,5.39,3.26,NaN,4.20,2.52,3.19,1.24,2.59,3.09,1.04,3.69,3.11,2.31,2.88,4.22
40.5,5.51,3.98,3.68,3.49,2.32,5.43,3.32,NaN,4.32,2.63,3.25,1.18,2.62,3.13,1.08,3.70,3.18,2.27,2.93,4.28
41,5.64,4.08,3.70,3.60,2.34,5.51,3.44,NaN,4.33,2.70,3.28,1.16,2.70,3.14,1.07,3.75,3.20,2.23,2.96,4.29
41.5,5.71,4.24,3.79,3.64,2.36,5.65,3.57,NaN,4.32,2.74,3.39,1.13,2.73,3.15,1.08,3.84,3.23,2.13,2.97,4.32
42,5.85,4.36,3.82,3.67,2.34,5.82,3.70,NaN,4.31,2.81,3.58,1.14,2.80,3.14,1.09,3.97,3.24,2.08,2.99,4.36
42.5,5.98,4.46,3.87,3.74,2.34,6.01,3.79,NaN,4.29,2.85,3.75,1.15,2.80,3.19,1.11,4.08,3.23,1.99,3.00,4.37
43,6.04,4.58,3.86,3.83,2.34,6.18,3.86,NaN,4.30,2.91,3.91,1.14,2.77,3.29,1.15,4.15,3.24,2.02,3.00,4.37
43.5,6.12,4.69,3.88,4.02,2.35,6.32,3.89,NaN,4.33,2.89,4.03,1.15,2.73,3.43,1.19,4.19,3.22,2.07,3.03,4.41
44,6.15,4.79,3.89,4.16,2.33,6.42,3.95,NaN,4.36,2.87,4.14,1.12,2.73,3.54,1.30,4.20,3.24,2.13,3.06,4.43
44.5,6.20,4.87,3.92,4.24,2.32,6.49,4.04,NaN,4.39,2.88,4.19,1.10,2.74,3.51,1.38,4.22,3.25,2.14,3.14,4.42
45,6.28,4.94,3.94,4.32,2.34,6.54,4.08,NaN,4.43,2.89,4.20,1.09,2.73,3.44,1.47,4.24,3.34,2.14,3.16,4.44
45.5,6.37,5.00,4.01,4.36,2.32,6.56,4.11,NaN,4.58,2.86,4.18,1.12,2.76,3.49,1.47,4.25,3.46,2.16,3.19,4.46
46,6.47,5.04,4.19,4.41,2.33,6.60,4.12,NaN,4.65,2.85,4.26,1.13,2.80,3.52,1.56,4.30,3.58,2.18,3.20,4.60
46.5,6.50,5.06,4.21,4.48,2.34,6.62,4.32,NaN,4.64,2.79,4.23,1.18,2.80,3.44,1.58,4.31,3.72,2.17,3.27,4.56
47,6.61,5.08,4.29,4.62,2.37,6.63,4.40,NaN,4.64,2.76,4.24,1.18,2.76,3.32,1.60,4.33,3.86,2.20,3.31,4.52
47.5,6.69,5.16,4.30,4.73,2.39,6.73,4.48,NaN,4.66,2.74,4.22,1.23,2.70,3.25,1.61,4.42,4.01,2.25,3.36,4.46
48,6.76,5.24,4.32,4.77,2.45,6.84,4.57,NaN,4.67,2.77,4.26,1.26,2.66,3.22,1.61,4.50,4.05,2.27,3.37,4.45
48.5,6.81,5.39,4.38,4.82,2.48,6.93,4.61,NaN,4.66,2.77,4.37,1.29,2.59,3.27,1.64,4.59,4.08,2.35,3.37,4.52
49,6.86,5.57,4.50,4.87,2.51,6.97,4.68,NaN,4.67,2.81,4.47,1.37,2.49,3.29,1.66,4.59,4.13,2.48,3.41,4.55
49.5,6.92,5.67,4.59,4.88,2.54,6.97,4.78,NaN,4.70,2.86,4.51,1.41,2.43,3.30,1.69,4.57,4.19,2.55,3.41,4.53
50,7.02,5.76,4.62,4.85,2.58,6.96,4.93,NaN,4.77,2.93,4.53,1.45,2.53,3.37,1.68,4.57,4.25,2.67,3.40,4.54
50.5,7.11,5.86,4.68,4.79,2.60,6.91,5.02,NaN,4.88,2.96,4.55,1.44,2.62,3.52,1.63,4.57,4.25,2.81,3.39,4.52
51,7.14,5.92,4.76,4.75,2.64,6.94,5.16,NaN,4.94,3.04,4.54,1.44,2.65,3.64,1.71,4.55,4.22,3.00,3.38,4.48
51.5,7.17,5.92,4.83,4.75,2.66,7.02,5.30,NaN,5.01,3.08,4.56,1.45,2.77,3.70,1.77,4.57,4.22,3.07,3.37,4.43
52,7.19,5.94,4.90,4.78,2.67,7.14,5.36,NaN,5.04,3.12,4.55,1.44,2.88,3.74,1.94,4.57,4.27,3.22,3.39,4.37
52.5,7.17,5.99,4.98,4.96,2.64,7.21,5.36,NaN,5.09,3.17,4.56,1.44,2.92,3.80,2.08,4.62,4.35,3.31,3.41,4.27
53,7.19,6.07,5.05,5.10,2.61,7.23,5.36,NaN,5.13,3.26,4.56,1.46,3.00,3.88,2.18,4.72,4.44,3.40,3.42,4.13
53.5,7.21,6.14,5.10,5.21,2.60,7.30,5.36,NaN,5.13,3.36,4.58,1.48,3.04,3.92,2.26,4.78,4.51,3.46,3.41,4.07
54,7.32,6.24,5.10,5.24,2.58,7.34,5.36,NaN,5.15,3.48,4.61,1.47,3.08,3.97,2.35,4.88,4.59,3.51,3.39,4.03
54.5,7.42,6.29,5.08,5.25,2.57,7.36,5.39,NaN,5.19,3.58,4.61,1.46,3.10,4.01,2.42,4.91,4.70,3.62,3.32,4.03
55,7.47,6.35,5.05,5.29,2.61,7.41,5.48,NaN,5.20,3.63,4.69,1.47,3.16,4.02,2.45,4.95,4.75,3.74,3.30,4.05
55.5,7.52,6.45,5.06,5.41,2.60,7.52,5.59,NaN,5.20,3.66,4.75,1.47,3.21,4.04,2.51,4.97,4.78,3.84,3.26,4.13
56,7.65,6.56,5.15,5.58,2.66,7.66,5.68,NaN,5.21,3.69,4.82,1.46,3.27,4.15,2.53,5.00,4.75,3.96,3.22,4.23
56.5,7.77,6.62,5.21,5.64,2.69,7.79,5.77,NaN,5.20,3.76,4.90,1.47,3.36,4.19,2.56,5.10,4.76,4.03,3.21,4.23
57,7.84,6.61,5.30,5.67,2.71,7.90,5.78,NaN,5.21,3.76,4.92,1.48,3.47,4.26,2.58,5.21,4.81,4.10,3.21,4.53
57.5,7.91,6.58,5.38,5.70,2.74,7.94,5.71,NaN,5.22,3.75,4.94,1.48,3.58,4.34,2.57,5.27,4.89,4.12,3.24,4.72
58,7.96,6.58,5.43,5.76,2.84,7.96,5.63,NaN,5.20,3.77,4.94,1.51,3.66,4.37,2.56,5.29,4.96,4.18,3.23,4.83
58.5,8.03,6.57,5.48,5.81,2.93,7.99,5.60,NaN,5.19,3.79,4.92,1.50,3.71,4.42,2.54,5.30,5.05,4.25,3.23,4.92
59,8.11,6.62,5.52,5.92,2.99,8.05,5.52,NaN,5.18,3.91,4.92,1.46,3.80,4.41,2.54,5.30,5.10,4.29,3.22,4.96
59.5,8.17,6.65,5.54,6.14,3.08,8.11,5.46,NaN,5.17,4.01,4.86,1.39,3.89,4.37,2.53,5.28,5.15,4.32,3.30,5.03
60,8.34,6.66,5.57,6.29,3.17,8.18,5.42,NaN,5.15,4.06,4.83,1.24,4.01,4.36,2.51,5.24,5.13,4.37,3.43,5.10
60.5,8.52,6.64,5.61,6.37,3.20,8.32,5.37,NaN,5.13,4.10,4.81,1.07,4.14,4.35,2.54,5.20,5.19,4.39,3.54,5.17
61,8.71,6.74,5.66,6.45,3.27,8.36,5.36,NaN,5.11,4.11,4.88,1.00,4.28,4.52,2.50,5.15,5.29,4.53,3.63,5.20
61.5,8.82,6.84,5.73,6.49,3.37,8.38,5.37,NaN,5.22,4.16,4.99,0.90,4.38,4.47,2.49,5.07,5.38,4.72,3.70,5.22
62,8.89,6.89,5.91,6.49,3.40,8.36,5.37,NaN,5.29,4.19,5.06,0.81,4.46,4.39,2.47,5.03,5.45,4.82,3.73,5.23
62.5,8.96,6.95,6.04,6.50,3.46,8.34,5.39,NaN,5.40,4.19,5.09,0.75,4.53,4.37,2.42,4.98,5.50,4.89,3.80,5.27
63,8.98,7.08,6.17,6.50,3.46,8.28,5.47,NaN,5.49,4.20,5.13,0.73,4.59,4.34,2.40,4.85,5.56,4.90,3.86,5.24
63.5,8.97,7.20,6.20,6.55,3.49,8.24,5.54,NaN,5.53,4.20,5.13,0.70,4.61,4.32,2.40,4.76,5.59,4.97,3.89,5.26
64,9.02,7.25,6.27,6.56,3.53,8.28,5.60,NaN,5.53,4.17,5.13,0.71,4.62,4.33,2.39,4.71,5.60,4.98,3.94,5.29
64.5,9.15,7.35,6.30,6.56,3.55,8.35,5.66,NaN,5.58,4.17,5.14,0.72,4.61,4.34,2.48,4.56,5.62,5.04,3.96,5.31
65,9.30,7.45,6.38,6.61,3.61,8.38,5.68,NaN,5.61,4.17,5.17,0.72,4.61,4.29,2.55,4.44,5.64,5.06,3.98,5.32
65.5,9.36,7.53,6.43,6.63,3.72,8.40,5.70,NaN,5.62,4.20,5.24,0.75,4.57,4.26,2.61,4.31,5.65,5.15,3.99,5.26
66,9.43,7.61,6.42,6.62,3.82,8.44,5.69,NaN,5.62,4.19,5.23,0.78,4.48,4.20,2.66,4.14,5.69,5.22,4.00,5.05
66.5,9.45,7.70,6.43,6.60,3.90,8.49,5.71,NaN,5.60,4.22,5.27,0.82,4.45,4.16,2.69,3.98,5.70,5.30,4.04,4.97
67,9.45,7.80,6.50,6.61,4.00,8.57,5.74,NaN,5.58,4.24,5.28,0.88,4.39,4.21,2.71,3.83,5.75,5.34,4.08,4.91
67.5,9.35,7.91,6.62,6.61,4.06,8.71,5.81,NaN,5.57,4.32,5.30,0.91,4.38,4.29,2.71,3.65,5.85,5.42,4.09,4.90
68,9.15,8.05,6.71,6.62,4.04,8.82,5.83,NaN,5.55,4.32,5.28,0.98,4.34,4.35,2.66,3.44,5.91,5.46,4.12,4.91
68.5,8.90,8.18,6.82,6.57,4.05,8.93,5.88,NaN,5.50,4.31,5.28,1.03,4.39,4.39,2.63,3.29,6.02,5.46,4.15,4.88
69,8.62,8.26,6.90,6.52,4.04,9.01,5.89,NaN,5.48,4.30,5.29,1.08,4.48,4.44,2.62,3.06,6.13,5.44,4.17,4.87
69.5,8.29,8.33,6.96,6.51,4.01,9.13,5.98,NaN,5.43,4.31,5.28,1.14,4.51,4.47,2.62,2.87,6.19,5.43,4.16,4.89
70,7.98,8.35,6.96,6.52,3.93,9.26,6.01,NaN,5.41,4.29,5.30,1.17,4.55,4.45,2.62,2.79,6.26,5.54,4.16,4.88
70.5,7.65,8.41,6.97,6.51,3.90,9.34,6.06,NaN,5.35,4.26,5.37,1.24,4.57,4.43,2.64,2.57,6.32,5.68,4.26,4.90
71,7.30,8.42,7.01,6.49,3.87,9.37,6.13,NaN,5.30,4.26,5.37,1.25,4.58,4.43,2.66,2.34,6.32,5.81,4.39,4.89
71.5,7.15,8.50,7.02,6.54,3.85,9.50,6.21,NaN,5.25,4.34,5.41,1.28,4.62,4.41,2.59,2.13,6.33,5.91,4.46,4.86
72,6.80,8.52,7.09,6.55,3.83,9.62,6.34,NaN,5.19,4.40,5.43,1.31,4.61,4.40,2.67,1.90,6.37,5.97,4.51,4.78
72.5,6.38,8.52,7.21,6.62,3.82,9.75,6.45,NaN,5.15,4.40,5.45,1.34,4.59,4.42,2.66,1.70,6.42,6.00,4.57,4.73
73,5.98,8.52,7.33,6.63,3.87,9.82,6.56,NaN,5.12,4.41,5.50,1.32,4.59,4.47,2.62,1.47,6.41,6.06,4.62,4.69
73.5,5.58,8.57,7.43,6.66,3.93,9.85,6.63,NaN,5.13,4.40,5.48,1.33,4.61,4.57,2.63,1.19,6.41,6.15,4.67,4.59
74,5.19,8.66,7.46,6.69,3.94,9.92,6.67,NaN,5.21,4.37,5.43,1.35,4.63,4.62,2.62,0.89,6.41,6.22,4.68,4.55
74.5,4.80,8.73,7.55,6.73,3.94,10.00,6.73,NaN,5.31,4.32,5.39,1.35,4.62,4.66,2.62,0.65,6.43,6.26,4.76,4.51
75,4.42,8.78,7.67,6.76,3.95,10.10,6.77,NaN,5.35,4.33,5.30,1.35,4.66,4.69,2.61,0.38,6.48,6.27,4.82,4.43
75.5,4.06,8.84,7.77,6.82,4.00,10.15,6.79,NaN,5.37,4.30,5.18,1.43,4.66,4.67,2.62,0.22,6.48,6.31,4.82,4.36
76,3.70,8.85,7.87,6.99,4.03,10.19,6.83,NaN,5.55,4.28,5.00,1.54,4.68,4.63,2.66,0.19,6.50,6.36,4.82,4.29
76.5,3.35,9.01,7.90,7.11,4.15,10.24,6.91,NaN,5.77,4.20,4.94,1.61,4.70,4.60,2.75,0.10,6.52,6.38,4.99,4.23
77,2.98,9.24,7.98,7.21,4.24,10.28,6.95,NaN,5.91,4.15,4.78,1.56,4.72,4.56,2.89,0.07,6.52,6.48,5.01,4.22
77.5,2.81,9.30,8.01,7.25,4.34,10.35,6.97,NaN,6.02,4.08,4.63,1.58,4.79,4.55,2.88,0.05,6.44,6.67,4.93,4.31
78,2.47,9.37,8.02,7.24,4.44,10.44,7.01,NaN,6.12,4.01,4.53,1.62,4.92,4.57,2.86,0.07,6.41,6.86,4.87,4.40
78.5,2.10,9.44,8.06,7.17,4.59,10.50,7.04,NaN,6.22,3.95,4.46,1.65,5.06,4.58,2.80,0.08,6.33,6.95,4.83,4.43
79,1.70,9.51,8.08,7.13,4.68,10.54,7.02,NaN,6.24,3.88,4.41,1.64,5.19,4.64,2.78,0.06,6.22,7.04,4.84,4.47
79.5,1.32,9.60,8.10,7.09,4.76,10.59,7.05,NaN,6.26,3.88,4.35,1.65,5.28,4.70,2.81,0.04,6.13,7.09,4.83,4.51
80,0.99,9.65,8.17,7.08,4.79,10.51,7.09,NaN,6.31,3.84,4.33,1.66,5.30,4.74,2.84,0.03,6.08,7.15,4.84,4.52
80.5,0.66,9.75,8.29,7.08,4.83,10.33,7.21,NaN,6.31,3.81,4.29,1.67,5.37,4.73,2.90,0.03,6.08,7.16,4.81,4.61
81,0.40,9.85,8.39,7.06,4.83,10.06,7.29,NaN,6.32,3.82,4.27,1.69,5.40,4.73,2.91,0.01,6.08,7.15,4.80,4.67
81.5,0.29,9.90,8.45,7.08,4.83,9.81,7.34,NaN,6.31,3.81,4.32,1.68,5.37,4.74,2.90,0.05,6.15,7.16,4.71,4.77
82,0.21,9.99,8.48,7.19,4.85,9.68,7.37,NaN,6.32,3.79,4.38,1.66,5.36,4.74,2.95,0.04,6.27,7.18,4.83,4.91
82.5,0.21,9.95,8.50,7.30,4.83,9.41,7.40,NaN,6.29,3.81,4.44,1.64,5.38,4.78,2.91,0.07,6.43,7.15,4.82,4.98
83,0.27,9.67,8.52,7.39,4.80,9.14,7.44,NaN,6.27,3.79,4.53,1.61,5.39,4.81,2.85,0.05,6.54,7.17,4.84,5.02
83.5,0.24,9.33,8.57,7.49,4.79,8.86,7.53,NaN,6.27,3.79,4.60,1.62,5.41,4.84,2.81,0.05,6.60,7.18,4.96,4.99
84,0.25,8.97,8.56,7.55,4.78,8.57,7.63,NaN,6.26,3.76,4.69,1.62,5.42,4.86,2.81,0.02,6.68,7.19,5.03,4.96
84.5,0.27,8.59,8.58,7.62,4.79,8.29,7.68,NaN,6.28,3.75,4.76,1.58,5.43,4.91,2.77,0.04,6.76,7.22,5.09,4.94
85,0.29,8.14,8.61,7.66,4.80,8.02,7.76,NaN,6.31,3.71,4.84,1.57,5.48,5.01,2.75,0.04,6.85,7.17,5.10,4.92
85.5,0.27,7.72,8.66,7.68,4.84,7.74,7.81,NaN,6.42,3.70,4.91,1.54,5.53,5.08,2.78,0.03,6.94,7.16,5.16,4.91
86,0.26,7.53,8.79,7.74,4.87,7.44,7.82,NaN,6.52,3.71,4.94,1.49,5.56,5.12,2.89,-0.00,6.98,7.12,5.19,4.89
86.5,0.24,7.15,8.84,7.76,4.88,7.10,7.86,NaN,6.60,3.68,5.03,1.41,5.55,5.11,2.97,NaN,7.05,7.07,5.22,4.89
87,0.19,6.95,8.90,7.78,4.90,6.73,7.88,NaN,6.72,3.71,5.13,1.34,5.59,5.16,3.03,NaN,7.08,7.08,5.28,4.91
87.5,0.15,6.44,8.87,7.77,4.90,6.35,7.90,NaN,6.80,3.72,5.22,1.25,5.63,5.17,3.10,NaN,7.15,7.08,5.35,4.95
88,0.10,5.96,8.90,7.78,4.90,5.94,7.86,NaN,6.92,3.75,5.31,1.16,5.79,5.21,3.15,NaN,7.17,7.08,5.42,5.02
88.5,0.07,5.48,8.93,7.77,4.92,5.75,7.84,NaN,6.97,3.74,5.34,1.12,5.88,5.22,3.19,NaN,7.19,7.03,5.44,5.07
89,0.05,5.06,8.97,7.75,4.94,5.35,7.76,NaN,6.97,3.74,5.40,1.04,6.00,5.24,3.24,NaN,7.21,7.04,5.45,5.13
89.5,0.04,4.63,9.04,7.76,5.00,5.02,7.76,NaN,6.94,3.73,5.47,0.99,6.09,5.21,3.25,NaN,7.21,7.04,5.51,5.24
90,0.04,4.17,9.11,7.81,5.13,4.66,7.67,NaN,6.91,3.74,5.55,0.94,6.11,5.24,3.27,NaN,7.23,7.04,5.54,5.31
90.5,NaN,3.73,9.19,7.91,5.21,4.33,7.61,NaN,6.90,3.73,5.61,0.89,6.11,5.24,3.30,NaN,7.23,6.99,5.56,5.28
91,NaN,3.31,9.29,7.98,5.27,4.00,7.58,NaN,6.88,3.87,5.70,0.85,6.09,5.29,3.30,NaN,7.26,6.93,5.57,5.24
91.5,NaN,3.11,9.39,8.10,5.37,3.70,7.60,NaN,6.85,3.93,5.77,0.88,6.06,5.22,3.31,NaN,7.31,6.89,5.57,5.20
92,NaN,2.72,9.46,8.21,5.43,3.42,7.67,NaN,6.84,4.00,5.76,0.89,6.02,5.17,3.34,NaN,7.33,6.84,5.58,5.15
92.5,NaN,2.29,9.46,8.24,5.45,3.15,7.78,NaN,6.76,3.98,5.80,0.87,6.01,5.09,3.28,NaN,7.45,6.81,5.57,5.08
93,NaN,1.85,9.25,8.26,5.51,2.88,7.88,NaN,6.69,3.94,5.75,0.84,5.98,5.06,3.26,NaN,7.63,6.83,5.58,5.05
93.5,NaN,1.45,9.00,8.30,5.56,2.58,7.93,NaN,6.66,3.85,5.75,0.88,5.98,5.00,3.27,NaN,7.69,6.83,5.68,5.05
94,NaN,1.04,8.68,8.29,5.56,2.45,7.99,NaN,6.61,3.82,5.75,0.91,5.98,4.90,3.31,NaN,7.72,6.83,5.78,5.08
94.5,NaN,0.62,8.52,8.28,5.56,2.13,8.09,NaN,6.65,3.79,5.77,0.92,5.94,4.79,3.34,NaN,7.74,6.82,5.82,5.05
95,NaN,0.41,8.18,8.30,5.55,1.83,8.25,NaN,6.75,3.79,5.79,0.92,5.93,4.66,3.40,NaN,7.67,6.83,5.86,5.05
95.5,NaN,0.28,7.84,8.35,5.49,1.51,8.41,NaN,6.81,3.80,5.85,0.95,6.02,4.55,3.37,NaN,7.64,6.79,5.93,5.04
96,NaN,0.24,7.42,8.45,5.46,1.16,8.52,NaN,6.85,3.77,5.92,1.01,6.13,4.44,3.37,NaN,7.54,6.73,5.93,5.06
96.5,NaN,0.20,7.05,8.50,5.44,0.83,8.58,NaN,6.92,3.81,6.01,1.08,6.16,4.35,3.35,NaN,7.51,6.66,5.99,5.04
97,NaN,0.21,6.69,8.54,5.39,0.55,8.63,NaN,6.93,3.80,6.08,1.10,6.20,4.31,3.36,NaN,7.52,6.51,6.04,5.03
97.5,NaN,0.19,6.30,8.59,5.35,0.37,8.73,NaN,6.94,3.93,6.14,1.12,6.17,4.28,3.42,NaN,7.50,6.40,6.03,5.01
98,NaN,0.20,5.91,8.59,5.35,0.36,8.78,NaN,6.92,3.90,6.16,1.16,6.18,4.30,3.48,NaN,7.45,6.21,6.03,4.96
98.5,NaN,0.23,5.47,8.62,5.39,0.38,8.86,NaN,6.83,3.89,6.19,1.18,6.12,4.33,3.60,NaN,7.38,6.04,6.07,4.95
99,NaN,0.21,5.03,8.62,5.46,0.41,8.87,NaN,6.88,3.89,6.18,1.18,6.07,4.37,3.76,NaN,7.36,5.92,6.09,4.94
99.5,NaN,0.21,4.57,8.68,5.56,0.42,8.92,NaN,6.95,3.90,6.17,1.23,5.98,4.41,3.87,NaN,7.34,5.85,6.11,4.94
100,NaN,0.22,4.15,8.75,5.62,0.43,8.94,NaN,6.96,3.89,6.16,1.26,5.97,4.48,3.96,NaN,7.30,5.70,6.12,4.87
100.5,NaN,0.25,3.74,8.82,5.67,0.44,8.94,NaN,6.99,3.88,6.12,1.29,5.95,4.54,4.07,NaN,7.33,5.53,6.10,4.83
101,NaN,0.30,3.53,8.84,5.71,0.46,8.90,NaN,7.00,3.88,6.08,1.32,5.92,4.60,4.10,NaN,7.33,5.44,6.09,4.82
101.5,NaN,0.30,3.11,8.87,5.81,0.48,8.84,NaN,7.01,3.86,6.07,1.37,5.92,4.66,4.13,NaN,7.35,5.33,6.08,4.81
102,NaN,0.30,2.70,8.86,5.89,0.53,8.81,NaN,7.07,3.83,6.05,1.39,5.90,4.67,4.20,NaN,7.39,5.21,6.09,4.80
102.5,NaN,0.35,2.28,8.85,6.00,0.54,8.80,NaN,7.13,3.96,6.02,1.37,5.86,4.72,4.26,NaN,7.38,5.08,6.16,4.77
103,NaN,0.33,1.86,8.87,6.12,0.59,8.80,NaN,7.14,3.92,6.01,1.41,5.83,4.76,4.26,NaN,7.39,4.90,6.22,4.77
103.5,NaN,0.34,1.47,8.92,6.25,0.60,8.84,NaN,7.23,3.91,5.92,1.45,5.84,4.76,4.28,NaN,7.37,4.68,6.23,4.80
104,NaN,0.29,1.03,8.90,6.32,0.66,8.85,NaN,7.32,3.94,5.92,1.47,5.90,4.81,4.29,NaN,7.34,4.38,6.28,4.81
104.5,NaN,NaN,0.64,8.91,6.34,0.72,8.89,NaN,7.33,4.05,5.93,1.48,5.94,4.82,4.30,NaN,7.32,4.06,6.28,4.82
105,NaN,NaN,0.28,8.90,6.35,0.79,9.01,NaN,7.32,4.14,5.92,1.48,6.00,4.85,4.36,NaN,7.34,3.76,6.29,4.82
105.5,NaN,NaN,NaN,8.87,6.33,NaN,9.09,NaN,7.35,4.25,5.91,1.56,6.03,4.87,4.38,NaN,7.36,3.60,6.32,4.83
106,NaN,NaN,NaN,8.82,6.32,NaN,9.17,NaN,7.38,4.34,5.90,1.59,6.08,4.92,4.40,NaN,7.35,3.27,6.34,4.88
106.5,NaN,NaN,NaN,8.80,6.34,NaN,9.17,NaN,7.48,4.52,5.91,1.62,6.15,4.96,4.42,NaN,7.33,2.92,6.42,5.06
107,NaN,NaN,NaN,8.79,6.37,NaN,9.16,NaN,7.54,4.55,5.89,1.64,6.30,4.94,4.51,NaN,7.36,2.56,6.55,5.22
107.5,NaN,NaN,NaN,8.79,6.46,NaN,9.01,NaN,7.61,4.58,5.85,1.65,6.46,4.99,4.58,NaN,7.36,2.19,6.66,5.33
108,NaN,NaN,NaN,8.81,6.57,NaN,8.77,NaN,7.78,4.60,5.84,1.64,6.58,4.98,4.62,NaN,7.39,1.78,6.73,5.44
108.5,NaN,NaN,NaN,8.88,6.61,NaN,8.41,NaN,7.87,4.61,5.90,1.45,6.66,4.97,4.62,NaN,7.38,1.42,6.75,5.53
109,NaN,NaN,NaN,8.91,6.65,NaN,8.01,NaN,8.00,4.60,5.96,1.38,6.74,4.98,4.61,NaN,7.37,1.06,6.78,5.56
109.5,NaN,NaN,NaN,8.94,6.65,NaN,7.78,NaN,8.12,4.59,6.06,1.35,6.77,4.97,4.63,NaN,7.37,0.70,6.83,5.63
110,NaN,NaN,NaN,9.00,6.67,NaN,7.34,NaN,8.20,4.62,6.14,1.23,6.77,4.96,4.64,NaN,7.39,0.34,6.83,5.72
110.5,NaN,NaN,NaN,9.04,6.71,NaN,6.89,NaN,8.30,4.66,6.19,1.09,6.73,4.95,4.63,NaN,7.38,NaN,6.85,5.77
111,NaN,NaN,NaN,9.14,6.69,NaN,6.44,NaN,8.37,4.68,6.13,1.02,6.64,4.93,4.64,NaN,7.39,NaN,6.85,5.81
111.5,NaN,NaN,NaN,9.21,6.72,NaN,6.02,NaN,8.47,4.78,6.10,0.97,6.60,4.87,4.64,NaN,7.42,NaN,6.83,5.86
112,NaN,NaN,NaN,9.29,6.77,NaN,5.60,NaN,8.59,4.87,6.09,0.91,6.54,4.82,4.63,NaN,7.44,NaN,6.81,5.91
112.5,NaN,NaN,NaN,9.34,6.80,NaN,5.26,NaN,8.74,4.99,6.04,0.86,6.43,4.79,4.62,NaN,7.44,NaN,6.80,5.91
113,NaN,NaN,NaN,9.46,6.79,NaN,4.88,NaN,8.83,5.06,6.02,0.81,6.40,4.73,4.61,NaN,7.49,NaN,6.82,5.92
113.5,NaN,NaN,NaN,9.58,6.80,NaN,4.50,NaN,8.90,5.11,6.03,0.78,6.43,4.68,4.56,NaN,7.49,NaN,6.79,5.94
114,NaN,NaN,NaN,9.72,6.88,NaN,4.11,NaN,8.96,5.16,5.98,0.79,6.44,4.63,4.56,NaN,7.51,NaN,6.77,5.94
114.5,NaN,NaN,NaN,9.84,6.98,NaN,3.71,NaN,8.98,5.24,5.98,0.80,6.40,4.61,4.54,NaN,7.51,NaN,6.77,5.91
115,NaN,NaN,NaN,9.92,7.05,NaN,3.51,NaN,9.03,5.29,5.99,0.82,6.33,4.56,4.58,NaN,7.52,NaN,6.77,5.89
115.5,NaN,NaN,NaN,9.98,7.16,NaN,3.13,NaN,9.06,5.40,6.01,0.86,6.28,4.55,4.61,NaN,7.51,NaN,6.77,5.87
116,NaN,NaN,NaN,10.00,7.18,NaN,2.74,NaN,9.10,5.45,6.01,0.93,6.18,4.55,4.67,NaN,7.47,NaN,6.78,5.86
116.5,NaN,NaN,NaN,10.01,7.25,NaN,2.32,NaN,9.13,5.43,6.07,0.97,6.09,4.64,4.73,NaN,7.47,NaN,6.77,5.82
117,NaN,NaN,NaN,10.00,7.31,NaN,1.94,NaN,9.18,5.42,6.10,1.03,5.93,4.75,4.80,NaN,7.48,NaN,6.78,5.82
117.5,NaN,NaN,NaN,10.00,7.33,NaN,1.53,NaN,9.27,5.38,6.03,1.09,5.85,4.81,4.83,NaN,7.48,NaN,6.75,5.81
118,NaN,NaN,NaN,10.00,7.32,NaN,1.12,NaN,9.27,5.33,6.00,1.11,5.69,4.89,4.85,NaN,7.50,NaN,6.79,5.85
118.5,NaN,NaN,NaN,10.00,7.31,NaN,0.70,NaN,9.35,5.29,5.97,1.14,5.46,4.96,4.87,NaN,7.47,NaN,6.83,5.83
119,NaN,NaN,NaN,10.01,7.35,NaN,0.29,NaN,9.47,5.25,5.93,1.13,5.36,5.02,4.91,NaN,7.48,NaN,6.89,5.80
119.5,NaN,NaN,NaN,10.04,7.39,NaN,NaN,NaN,9.56,5.22,5.87,1.11,5.20,5.05,4.97,NaN,7.52,NaN,6.94,5.61
120,NaN,NaN,NaN,10.07,7.54,NaN,NaN,NaN,9.58,5.18,5.83,1.14,5.03,5.12,5.02,NaN,7.49,NaN,6.95,5.43
120.5,NaN,NaN,NaN,10.11,7.65,NaN,NaN,NaN,9.58,5.16,5.78,1.15,4.83,5.18,5.08,NaN,7.50,NaN,6.95,5.33
121,NaN,NaN,NaN,10.22,7.76,NaN,NaN,NaN,9.47,5.09,5.78,1.16,4.60,5.25,5.08,NaN,7.49,NaN,6.97,5.30
121.5,NaN,NaN,NaN,10.25,7.79,NaN,0.00,NaN,9.28,5.08,5.78,1.20,4.37,5.29,5.07,NaN,7.53,NaN,6.96,5.23
122,NaN,NaN,NaN,10.37,7.87,NaN,0.03,NaN,9.03,5.09,5.78,1.24,4.08,5.38,5.05,NaN,7.59,NaN,6.98,5.14
122.5,NaN,NaN,NaN,10.46,7.90,NaN,0.03,NaN,8.76,5.10,5.77,1.30,3.79,5.42,5.01,NaN,7.62,NaN,7.05,5.07
123,NaN,NaN,NaN,10.52,7.94,NaN,0.07,NaN,8.47,5.19,5.77,1.34,3.64,5.44,5.00,NaN,7.69,NaN,7.14,4.99
123.5,NaN,NaN,NaN,10.59,8.03,NaN,0.03,NaN,8.20,5.29,5.77,1.36,3.34,5.50,4.98,NaN,7.78,NaN,7.19,4.94
124,NaN,NaN,NaN,10.73,8.08,NaN,0.07,NaN,7.92,5.33,5.75,1.36,2.97,5.57,4.93,NaN,7.83,NaN,7.22,4.92
124.5,NaN,NaN,NaN,10.87,8.09,NaN,0.06,NaN,7.64,5.38,5.79,1.42,2.68,5.61,4.91,NaN,7.87,NaN,7.23,4.94
125,NaN,NaN,NaN,10.97,8.11,NaN,0.04,NaN,7.33,5.45,5.84,1.48,2.48,5.71,4.94,NaN,7.88,NaN,7.24,4.93
125.5,NaN,NaN,NaN,11.07,8.20,NaN,0.06,NaN,7.21,5.51,5.88,1.48,2.25,5.79,4.96,NaN,7.92,NaN,7.33,4.90
126,NaN,NaN,NaN,11.06,8.34,NaN,0.03,NaN,6.91,5.48,5.91,1.52,2.00,5.86,5.03,NaN,7.96,NaN,7.39,4.90
126.5,NaN,NaN,NaN,11.00,8.44,NaN,0.03,NaN,6.59,5.51,5.94,1.52,1.74,5.96,5.11,NaN,7.96,NaN,7.51,4.90
127,NaN,NaN,NaN,10.93,8.54,NaN,0.03,NaN,6.28,5.51,5.91,1.55,1.49,6.01,5.17,NaN,7.96,NaN,7.60,4.94
127.5,NaN,NaN,NaN,10.71,8.56,NaN,NaN,NaN,5.96,5.53,5.89,1.61,1.18,6.13,5.22,NaN,7.97,NaN,7.66,4.98
128,NaN,NaN,NaN,10.49,8.57,NaN,NaN,NaN,5.65,5.53,5.91,1.62,0.85,6.16,5.22,NaN,8.10,NaN,7.69,5.02
128.5,NaN,NaN,NaN,10.27,8.55,NaN,NaN,NaN,5.33,5.53,5.92,1.66,0.45,6.19,5.24,NaN,8.21,NaN,7.70,5.02
129,NaN,NaN,NaN,10.03,8.37,NaN,NaN,NaN,5.02,5.53,5.90,1.66,0.27,6.24,5.29,NaN,8.27,NaN,7.66,5.01
129.5,NaN,NaN,NaN,9.83,8.17,NaN,NaN,NaN,4.68,5.48,5.89,1.64,NaN,6.29,5.34,NaN,8.31,NaN,7.68,5.00
130,NaN,NaN,NaN,9.60,7.85,NaN,NaN,NaN,4.35,5.45,5.88,1.64,NaN,6.34,5.29,NaN,8.34,NaN,7.72,5.02
130.5,NaN,NaN,NaN,9.34,7.54,NaN,NaN,NaN,4.04,5.45,5.85,1.63,NaN,6.40,5.29,NaN,8.34,NaN,7.76,5.00
131,NaN,NaN,NaN,9.12,7.25,NaN,NaN,NaN,3.77,5.44,5.84,1.65,NaN,6.45,5.24,NaN,8.36,NaN,7.81,5.00
131.5,NaN,NaN,NaN,8.92,6.93,NaN,NaN,NaN,3.61,5.46,5.87,1.72,NaN,6.52,5.21,NaN,8.36,NaN,7.84,5.00
132,NaN,NaN,NaN,8.66,6.70,NaN,NaN,NaN,3.27,5.48,5.85,1.73,NaN,6.58,5.14,NaN,8.38,NaN,7.85,5.01
132.5,NaN,NaN,NaN,8.54,6.46,NaN,NaN,NaN,2.94,5.40,5.84,1.74,NaN,6.62,5.03,NaN,8.39,NaN,7.84,5.05
133,NaN,NaN,NaN,8.29,6.32,NaN,NaN,NaN,2.59,5.34,5.84,1.73,NaN,6.62,4.93,NaN,8.40,NaN,7.83,5.04
133.5,NaN,NaN,NaN,8.01,6.09,NaN,NaN,NaN,2.21,5.31,5.84,1.70,NaN,6.64,4.86,NaN,8.45,NaN,7.77,5.01
134,NaN,NaN,NaN,7.72,5.82,NaN,NaN,NaN,1.86,5.32,5.84,1.61,NaN,6.61,4.76,NaN,8.49,NaN,7.77,4.97
134.5,NaN,NaN,NaN,7.44,5.58,NaN,NaN,NaN,1.52,5.30,5.84,1.50,NaN,6.58,4.65,NaN,8.63,NaN,7.72,4.95
135,NaN,NaN,NaN,7.15,5.31,NaN,NaN,NaN,1.16,5.30,5.84,1.44,NaN,6.55,4.49,NaN,8.68,NaN,7.67,4.91
135.5,NaN,NaN,NaN,6.91,5.02,NaN,NaN,NaN,0.83,5.30,5.84,1.33,NaN,6.54,4.31,NaN,8.68,NaN,7.58,4.91
136,NaN,NaN,NaN,6.63,4.73,NaN,NaN,NaN,0.52,5.32,5.84,1.25,NaN,6.50,4.15,NaN,8.68,NaN,7.48,4.95
136.5,NaN,NaN,NaN,6.37,4.41,NaN,NaN,NaN,0.24,5.37,5.82,1.22,NaN,6.49,3.95,NaN,8.63,NaN,7.46,4.94
137,NaN,NaN,NaN,6.15,4.17,NaN,NaN,NaN,NaN,5.48,5.82,1.25,NaN,6.50,3.85,NaN,8.59,NaN,7.41,4.91
137.5,NaN,NaN,NaN,5.86,3.95,NaN,NaN,NaN,NaN,5.54,5.76,1.28,NaN,6.53,3.71,NaN,8.59,NaN,7.39,4.85
138,NaN,NaN,NaN,5.58,3.72,NaN,NaN,NaN,NaN,5.59,5.75,1.30,NaN,6.55,3.57,NaN,8.55,NaN,7.35,4.85
138.5,NaN,NaN,NaN,5.45,3.62,NaN,NaN,NaN,-0.00,5.63,5.75,1.34,NaN,6.54,3.37,NaN,8.52,NaN,7.25,4.86
139,NaN,NaN,NaN,5.17,3.37,NaN,NaN,NaN,NaN,5.65,5.78,1.41,NaN,6.58,3.17,NaN,8.48,NaN,7.15,4.85
139.5,NaN,NaN,NaN,4.89,3.14,NaN,NaN,NaN,NaN,5.65,5.76,1.46,NaN,6.58,2.87,NaN,8.41,NaN,7.08,4.83
140,NaN,NaN,NaN,4.65,2.91,NaN,NaN,NaN,NaN,5.56,5.75,1.55,NaN,6.62,2.56,NaN,8.34,NaN,6.96,4.87
140.5,NaN,NaN,NaN,4.37,2.67,NaN,NaN,NaN,NaN,5.44,5.76,1.59,NaN,6.61,2.28,NaN,8.22,NaN,6.81,4.89
141,NaN,NaN,NaN,4.07,2.44,NaN,NaN,NaN,NaN,5.35,5.79,1.59,NaN,6.58,2.00,NaN,8.09,NaN,6.61,4.87
141.5,NaN,NaN,NaN,3.78,2.21,NaN,NaN,NaN,NaN,5.31,5.78,1.54,NaN,6.56,1.71,NaN,7.88,NaN,6.40,4.87
142,NaN,NaN,NaN,3.53,1.98,NaN,NaN,NaN,NaN,5.25,5.76,1.48,NaN,6.50,1.42,NaN,7.59,NaN,6.20,4.89
142.5,NaN,NaN,NaN,3.31,1.77,NaN,NaN,NaN,NaN,5.21,5.79,1.46,NaN,6.42,1.05,NaN,7.31,NaN,5.97,4.91
143,NaN,NaN,NaN,3.02,1.49,NaN,NaN,NaN,NaN,5.12,5.81,1.39,NaN,6.35,0.82,NaN,7.17,NaN,5.85,4.96
143.5,NaN,NaN,NaN,2.76,1.23,NaN,NaN,NaN,-0.00,5.09,5.84,1.45,NaN,6.32,0.37,NaN,6.93,NaN,5.58,4.99
144,NaN,NaN,NaN,2.61,0.98,NaN,NaN,NaN,NaN,5.08,5.91,1.48,NaN,6.26,NaN,NaN,6.71,NaN,5.31,4.98
144.5,NaN,NaN,NaN,2.30,0.85,NaN,NaN,NaN,NaN,5.08,5.99,1.51,NaN,6.24,NaN,NaN,6.52,NaN,5.00,4.96
145,NaN,NaN,NaN,2.00,0.57,NaN,NaN,NaN,NaN,5.08,6.04,1.44,NaN,6.23,NaN,NaN,6.29,NaN,4.74,4.95
145.5,NaN,NaN,NaN,1.71,0.35,NaN,NaN,NaN,0.00,5.07,6.11,1.39,NaN,6.18,NaN,NaN,6.11,NaN,4.47,4.96
146,NaN,NaN,NaN,1.45,0.26,NaN,NaN,NaN,-0.00,5.08,6.14,1.38,NaN,6.18,NaN,NaN,5.91,NaN,4.25,4.97
146.5,NaN,NaN,NaN,1.18,0.29,NaN,NaN,NaN,0.02,5.08,6.16,1.38,NaN,6.19,NaN,NaN,5.72,NaN,4.03,5.02
147,NaN,NaN,NaN,0.91,0.29,NaN,NaN,NaN,0.03,5.09,6.17,1.41,NaN,6.20,NaN,NaN,5.49,NaN,3.78,5.09
147.5,NaN,NaN,NaN,0.61,0.35,NaN,NaN,NaN,0.07,5.17,6.19,1.44,NaN,6.22,NaN,NaN,5.23,NaN,3.58,5.13
148,NaN,NaN,NaN,0.43,0.37,NaN,NaN,NaN,0.09,5.19,6.23,1.46,NaN,6.32,NaN,NaN,4.96,NaN,3.38,5.18
148.5,NaN,NaN,NaN,0.36,0.38,NaN,NaN,NaN,0.11,5.22,6.30,1.48,NaN,6.42,NaN,NaN,4.69,NaN,3.14,5.19
149,NaN,NaN,NaN,0.31,0.38,NaN,NaN,NaN,0.12,5.26,6.45,1.50,NaN,6.47,NaN,NaN,4.55,NaN,3.05,5.16
149.5,NaN,NaN,NaN,0.20,0.37,NaN,NaN,NaN,0.16,5.28,6.53,1.54,NaN,6.53,NaN,NaN,4.37,NaN,2.86,5.17
150,NaN,NaN,NaN,0.16,0.37,NaN,NaN,NaN,NaN,5.26,6.65,1.56,NaN,6.57,NaN,NaN,4.17,NaN,2.64,5.19
150.5,NaN,NaN,NaN,0.07,0.37,NaN,NaN,NaN,NaN,5.27,6.77,1.58,NaN,6.65,NaN,NaN,3.96,NaN,2.35,5.19
151,NaN,NaN,NaN,NaN,0.41,NaN,NaN,NaN,NaN,5.31,6.81,1.60,NaN,6.74,NaN,NaN,3.79,NaN,2.07,5.20
151.5,NaN,NaN,NaN,NaN,0.42,NaN,NaN,NaN,NaN,5.32,6.86,1.57,NaN,6.85,NaN,NaN,3.59,NaN,1.75,5.32
152,NaN,NaN,NaN,NaN,0.45,NaN,NaN,NaN,NaN,5.33,6.89,1.55,NaN,6.91,NaN,NaN,3.44,NaN,1.50,5.49
152.5,NaN,NaN,NaN,NaN,0.54,NaN,NaN,NaN,NaN,5.33,6.97,1.54,NaN,6.94,NaN,NaN,3.24,NaN,1.23,5.64
153,NaN,NaN,NaN,NaN,0.55,NaN,NaN,NaN,NaN,5.30,7.01,1.54,NaN,7.00,NaN,NaN,3.04,NaN,0.96,5.71
153.5,NaN,NaN,NaN,NaN,0.54,NaN,NaN,NaN,NaN,5.30,7.10,1.54,NaN,7.07,NaN,NaN,2.85,NaN,0.68,5.79
154,NaN,NaN,NaN,0.00,0.52,NaN,NaN,NaN,NaN,5.31,7.26,1.49,NaN,7.10,NaN,NaN,2.67,NaN,0.54,5.78
154.5,NaN,NaN,NaN,0.07,0.51,NaN,NaN,NaN,NaN,5.32,7.38,1.50,NaN,7.14,NaN,NaN,2.56,NaN,0.47,5.81
155,NaN,NaN,NaN,0.08,0.50,NaN,NaN,NaN,NaN,5.36,7.50,1.51,NaN,7.18,NaN,NaN,2.31,NaN,0.45,5.80
155.5,NaN,NaN,NaN,0.16,0.51,NaN,NaN,NaN,NaN,5.35,7.59,1.51,NaN,7.22,NaN,NaN,2.09,NaN,0.43,5.80
156,NaN,NaN,NaN,0.19,0.50,NaN,NaN,NaN,NaN,5.31,7.64,1.48,NaN,7.23,NaN,NaN,1.86,NaN,0.41,5.86
156.5,NaN,NaN,NaN,0.19,0.47,NaN,NaN,NaN,NaN,5.31,7.73,1.44,NaN,7.25,NaN,NaN,1.65,NaN,0.43,5.96
157,NaN,NaN,NaN,NaN,NaN,NaN,NaN,NaN,NaN,5.31,7.74,1.44,NaN,7.31,NaN,NaN,1.45,NaN,0.45,6.07
157.5,NaN,NaN,NaN,NaN,NaN,NaN,NaN,NaN,NaN,5.29,7.71,1.43,NaN,7.43,NaN,NaN,1.23,NaN,0.44,6.10
158,NaN,NaN,NaN,NaN,NaN,NaN,NaN,NaN,NaN,5.27,7.72,1.40,NaN,7.56,NaN,NaN,0.99,NaN,0.45,6.13
158.5,NaN,NaN,NaN,NaN,NaN,NaN,NaN,NaN,NaN,5.26,7.65,1.37,NaN,7.67,NaN,NaN,0.72,NaN,0.47,6.16
159,NaN,NaN,NaN,NaN,NaN,NaN,NaN,NaN,NaN,5.20,7.51,1.33,NaN,7.75,NaN,NaN,0.66,NaN,0.47,6.19
159.5,NaN,NaN,NaN,NaN,NaN,NaN,NaN,NaN,NaN,5.18,7.26,1.27,NaN,7.76,NaN,NaN,0.69,NaN,0.48,6.29
160,NaN,NaN,NaN,NaN,NaN,NaN,NaN,NaN,NaN,5.13,6.98,1.14,NaN,7.80,NaN,NaN,0.75,NaN,0.50,6.32
160.5,NaN,NaN,NaN,NaN,NaN,NaN,NaN,NaN,NaN,5.09,6.75,1.02,NaN,7.84,NaN,NaN,0.76,NaN,0.50,6.37
161,NaN,NaN,NaN,NaN,NaN,NaN,NaN,NaN,NaN,5.13,6.57,0.93,NaN,7.90,NaN,NaN,0.80,NaN,0.51,6.37
161.5,NaN,NaN,NaN,NaN,NaN,NaN,NaN,NaN,NaN,5.15,6.39,0.89,NaN,7.93,NaN,NaN,0.87,NaN,0.55,6.42
162,NaN,NaN,NaN,NaN,NaN,NaN,NaN,NaN,NaN,5.24,6.28,0.85,NaN,8.02,NaN,NaN,0.92,NaN,0.56,6.51
162.5,NaN,NaN,NaN,NaN,NaN,NaN,NaN,NaN,NaN,5.24,6.20,0.82,NaN,8.16,NaN,NaN,0.92,NaN,0.59,6.62
163,NaN,NaN,NaN,NaN,NaN,NaN,NaN,NaN,NaN,5.29,6.07,0.81,NaN,8.26,NaN,NaN,0.93,NaN,0.59,6.71
163.5,NaN,NaN,NaN,NaN,NaN,NaN,NaN,NaN,NaN,5.31,5.98,0.81,NaN,8.34,NaN,NaN,1.01,NaN,0.61,6.73
164,NaN,NaN,NaN,NaN,NaN,NaN,NaN,NaN,NaN,5.32,5.80,0.85,NaN,8.40,NaN,NaN,1.00,NaN,0.59,6.77
164.5,NaN,NaN,NaN,NaN,NaN,NaN,NaN,NaN,NaN,5.36,5.62,0.89,NaN,8.43,NaN,NaN,1.03,NaN,0.58,6.84
165,NaN,NaN,NaN,NaN,NaN,NaN,NaN,NaN,NaN,5.36,5.40,0.90,NaN,8.39,NaN,NaN,1.05,NaN,0.57,6.89
165.5,NaN,NaN,NaN,NaN,NaN,NaN,NaN,NaN,NaN,5.35,5.21,0.94,NaN,8.40,NaN,NaN,1.02,NaN,0.55,6.95
166,NaN,NaN,NaN,NaN,NaN,NaN,NaN,NaN,NaN,5.34,4.92,0.95,NaN,8.40,NaN,NaN,1.02,NaN,0.53,7.02
166.5,NaN,NaN,NaN,NaN,NaN,NaN,NaN,NaN,NaN,5.31,4.66,0.98,NaN,8.39,NaN,NaN,1.00,NaN,0.53,7.06
167,NaN,NaN,NaN,NaN,NaN,NaN,NaN,NaN,NaN,5.35,4.40,0.98,NaN,8.37,NaN,NaN,1.01,NaN,0.52,7.12
167.5,NaN,NaN,NaN,NaN,NaN,NaN,NaN,NaN,NaN,5.42,4.16,1.06,NaN,8.34,NaN,NaN,0.96,NaN,0.45,7.20
168,NaN,NaN,NaN,NaN,NaN,NaN,NaN,NaN,NaN,5.47,3.97,1.09,NaN,8.32,NaN,NaN,0.93,NaN,0.37,7.25
168.5,NaN,NaN,NaN,NaN,NaN,NaN,NaN,NaN,NaN,5.49,3.74,1.09,NaN,8.24,NaN,NaN,0.91,NaN,0.29,7.23
169,NaN,NaN,NaN,NaN,NaN,NaN,NaN,NaN,NaN,5.52,3.62,1.12,NaN,8.20,NaN,NaN,0.88,NaN,0.16,7.17
169.5,NaN,NaN,NaN,NaN,NaN,NaN,NaN,NaN,NaN,5.62,3.40,1.11,NaN,8.15,NaN,NaN,0.88,NaN,0.11,7.08
170,NaN,NaN,NaN,NaN,NaN,NaN,NaN,NaN,NaN,5.64,3.21,1.11,NaN,8.12,NaN,NaN,0.86,NaN,0.05,6.99
170.5,NaN,NaN,NaN,NaN,NaN,NaN,NaN,NaN,NaN,5.66,2.95,1.02,NaN,8.11,NaN,NaN,0.89,NaN,NaN,6.86
171,NaN,NaN,NaN,NaN,NaN,NaN,NaN,NaN,NaN,5.67,2.67,0.95,NaN,8.09,NaN,NaN,0.86,NaN,NaN,6.75
171.5,NaN,NaN,NaN,NaN,NaN,NaN,NaN,NaN,NaN,5.70,2.41,0.89,NaN,8.11,NaN,NaN,0.75,NaN,NaN,6.60
172,NaN,NaN,NaN,NaN,NaN,NaN,NaN,NaN,NaN,5.68,2.10,0.84,NaN,8.08,NaN,NaN,0.71,NaN,NaN,6.52
172.5,NaN,NaN,NaN,NaN,NaN,NaN,NaN,NaN,NaN,5.68,1.81,0.80,NaN,8.07,NaN,NaN,0.62,NaN,NaN,6.48
173,NaN,NaN,NaN,NaN,NaN,NaN,NaN,NaN,NaN,5.76,1.56,0.79,NaN,8.04,NaN,NaN,0.54,NaN,NaN,6.40
173.5,NaN,NaN,NaN,NaN,NaN,NaN,NaN,NaN,NaN,5.80,1.34,0.75,NaN,8.00,NaN,NaN,0.44,NaN,NaN,6.40
174,NaN,NaN,NaN,NaN,NaN,NaN,NaN,NaN,NaN,5.86,1.12,0.74,NaN,7.90,NaN,NaN,0.38,NaN,NaN,6.34
174.5,NaN,NaN,NaN,NaN,NaN,NaN,NaN,NaN,NaN,5.90,0.97,0.76,NaN,7.72,NaN,NaN,0.33,NaN,NaN,6.34
175,NaN,NaN,NaN,NaN,NaN,NaN,NaN,NaN,NaN,5.97,0.71,0.82,NaN,7.55,NaN,NaN,0.28,NaN,NaN,6.35
175.5,NaN,NaN,NaN,NaN,NaN,NaN,NaN,NaN,NaN,6.01,0.46,0.88,NaN,7.41,NaN,NaN,0.23,NaN,NaN,6.38
176,NaN,NaN,NaN,NaN,NaN,NaN,NaN,NaN,NaN,6.03,0.25,0.95,NaN,7.21,NaN,NaN,0.15,NaN,NaN,6.41
176.5,NaN,NaN,NaN,NaN,NaN,NaN,NaN,NaN,NaN,6.04,0.01,0.99,NaN,6.99,NaN,NaN,0.13,NaN,NaN,6.44
177,NaN,NaN,NaN,NaN,NaN,NaN,NaN,NaN,NaN,6.05,NaN,1.06,NaN,6.75,NaN,NaN,0.10,NaN,NaN,6.44
177.5,NaN,NaN,NaN,NaN,NaN,NaN,NaN,NaN,NaN,6.12,NaN,1.05,NaN,6.46,NaN,NaN,0.08,NaN,NaN,6.50
178,NaN,NaN,NaN,NaN,NaN,NaN,NaN,NaN,NaN,6.14,NaN,1.10,NaN,6.12,NaN,NaN,0.10,NaN,NaN,6.52
178.5,NaN,NaN,NaN,NaN,NaN,NaN,NaN,NaN,NaN,6.17,NaN,1.10,NaN,5.80,NaN,NaN,0.09,NaN,NaN,6.54
179,NaN,NaN,NaN,NaN,NaN,NaN,NaN,NaN,NaN,6.16,NaN,1.12,NaN,5.66,NaN,NaN,0.07,NaN,NaN,6.57
179.5,NaN,NaN,NaN,NaN,NaN,NaN,NaN,NaN,NaN,6.22,NaN,1.15,NaN,5.41,NaN,NaN,0.09,NaN,NaN,6.57
180,NaN,NaN,NaN,NaN,NaN,NaN,NaN,NaN,NaN,6.29,NaN,1.18,NaN,5.21,NaN,NaN,0.10,NaN,NaN,6.59
180.5,NaN,NaN,NaN,NaN,NaN,NaN,NaN,NaN,NaN,6.32,NaN,1.20,NaN,5.02,NaN,NaN,0.17,NaN,NaN,6.61
181,NaN,NaN,NaN,NaN,NaN,NaN,NaN,NaN,NaN,6.40,NaN,1.22,NaN,4.83,NaN,NaN,0.25,NaN,NaN,6.66
181.5,NaN,NaN,NaN,NaN,NaN,NaN,NaN,NaN,NaN,6.45,NaN,1.22,NaN,4.62,NaN,NaN,0.28,NaN,NaN,6.69
182,NaN,NaN,NaN,NaN,NaN,NaN,NaN,NaN,NaN,6.47,NaN,1.22,NaN,4.39,NaN,NaN,0.24,NaN,NaN,6.74
182.5,NaN,NaN,NaN,NaN,NaN,NaN,NaN,NaN,NaN,6.49,NaN,1.23,NaN,4.19,NaN,NaN,0.34,NaN,NaN,6.75
183,NaN,NaN,NaN,NaN,NaN,NaN,NaN,NaN,NaN,6.49,NaN,1.19,NaN,3.96,NaN,NaN,0.50,NaN,NaN,6.70
183.5,NaN,NaN,NaN,NaN,NaN,NaN,NaN,NaN,NaN,6.52,NaN,1.21,NaN,3.76,NaN,NaN,0.58,NaN,NaN,6.68
184,NaN,NaN,NaN,NaN,NaN,NaN,NaN,NaN,NaN,6.51,NaN,1.22,NaN,3.58,NaN,NaN,0.66,NaN,NaN,6.69
184.5,NaN,NaN,NaN,NaN,NaN,NaN,NaN,NaN,NaN,6.52,NaN,1.22,NaN,3.50,NaN,NaN,0.72,NaN,0.03,6.66
185,NaN,NaN,NaN,NaN,NaN,NaN,NaN,NaN,NaN,6.50,NaN,1.26,NaN,3.31,NaN,NaN,0.75,NaN,0.02,6.67
185.5,NaN,NaN,NaN,NaN,NaN,NaN,NaN,NaN,NaN,6.48,NaN,1.29,NaN,3.12,NaN,NaN,0.78,NaN,NaN,6.75
186,NaN,NaN,NaN,NaN,NaN,NaN,NaN,NaN,NaN,6.48,NaN,1.28,NaN,2.92,NaN,NaN,0.77,NaN,NaN,6.86
186.5,NaN,NaN,NaN,NaN,NaN,NaN,NaN,NaN,NaN,6.47,NaN,1.26,NaN,2.76,NaN,NaN,0.72,NaN,NaN,6.94
187,NaN,NaN,NaN,NaN,NaN,NaN,NaN,NaN,NaN,6.48,NaN,1.24,NaN,2.60,NaN,NaN,0.84,NaN,NaN,7.02
187.5,NaN,NaN,NaN,NaN,NaN,NaN,NaN,NaN,NaN,6.47,NaN,1.24,NaN,2.43,NaN,NaN,0.83,NaN,NaN,7.05
188,NaN,NaN,NaN,NaN,NaN,NaN,NaN,NaN,NaN,6.49,NaN,1.16,NaN,2.29,NaN,NaN,0.82,NaN,NaN,7.09
188.5,NaN,NaN,NaN,NaN,NaN,NaN,NaN,NaN,NaN,6.50,NaN,1.09,NaN,2.18,NaN,NaN,0.83,NaN,NaN,7.14
189,NaN,NaN,NaN,NaN,NaN,NaN,NaN,NaN,NaN,6.49,NaN,0.99,NaN,2.11,NaN,NaN,0.87,NaN,NaN,7.17
189.5,NaN,NaN,NaN,NaN,NaN,NaN,NaN,NaN,NaN,6.55,NaN,0.81,NaN,1.90,NaN,NaN,0.93,NaN,NaN,7.16
190,NaN,NaN,NaN,NaN,NaN,NaN,NaN,NaN,NaN,6.61,NaN,0.73,NaN,1.63,NaN,NaN,0.99,NaN,NaN,7.20
190.5,NaN,NaN,NaN,NaN,NaN,NaN,NaN,NaN,NaN,6.66,NaN,0.51,NaN,1.46,NaN,NaN,0.97,NaN,NaN,7.27
191,NaN,NaN,NaN,NaN,NaN,NaN,NaN,NaN,NaN,6.72,NaN,0.31,NaN,1.10,NaN,NaN,0.99,NaN,NaN,7.27
191.5,NaN,NaN,NaN,NaN,NaN,NaN,NaN,NaN,NaN,6.73,NaN,0.07,NaN,0.72,NaN,NaN,1.05,NaN,NaN,7.31
192,NaN,NaN,NaN,NaN,NaN,NaN,NaN,NaN,NaN,6.76,NaN,NaN,NaN,0.37,NaN,NaN,1.17,NaN,NaN,7.31
192.5,NaN,NaN,NaN,NaN,NaN,NaN,NaN,NaN,NaN,6.81,NaN,NaN,NaN,0.16,NaN,NaN,1.16,NaN,NaN,7.32
193,NaN,NaN,NaN,NaN,NaN,NaN,NaN,NaN,NaN,6.83,NaN,NaN,NaN,0.10,NaN,NaN,1.14,NaN,NaN,7.31
193.5,NaN,NaN,NaN,NaN,NaN,NaN,NaN,NaN,NaN,6.86,NaN,NaN,NaN,0.12,NaN,NaN,1.11,NaN,NaN,7.30
194,NaN,NaN,NaN,NaN,NaN,NaN,NaN,NaN,NaN,6.88,NaN,NaN,NaN,0.11,NaN,NaN,1.09,NaN,NaN,7.27
194.5,NaN,NaN,NaN,NaN,NaN,NaN,NaN,NaN,NaN,6.91,NaN,NaN,NaN,0.08,NaN,NaN,1.10,NaN,NaN,7.21
195,NaN,NaN,NaN,NaN,NaN,NaN,NaN,NaN,NaN,6.94,NaN,NaN,NaN,0.06,NaN,NaN,1.07,NaN,NaN,7.20
195.5,NaN,NaN,NaN,NaN,NaN,NaN,NaN,NaN,NaN,6.99,NaN,0.01,NaN,0.06,NaN,NaN,1.05,NaN,NaN,7.23
196,NaN,NaN,NaN,NaN,NaN,NaN,NaN,NaN,NaN,7.04,NaN,0.01,NaN,0.07,NaN,NaN,1.05,NaN,NaN,7.30
196.5,NaN,NaN,NaN,NaN,NaN,NaN,NaN,NaN,NaN,7.07,NaN,0.00,NaN,0.08,NaN,NaN,0.96,NaN,NaN,7.32
197,NaN,NaN,NaN,NaN,NaN,NaN,NaN,NaN,NaN,7.11,NaN,NaN,NaN,0.09,NaN,NaN,NaN,NaN,NaN,7.29
197.5,NaN,NaN,NaN,NaN,NaN,NaN,NaN,NaN,NaN,7.10,NaN,NaN,NaN,0.12,NaN,NaN,NaN,NaN,NaN,7.39
198,NaN,NaN,NaN,NaN,NaN,NaN,NaN,NaN,NaN,7.13,NaN,NaN,NaN,NaN,NaN,NaN,NaN,NaN,NaN,7.35
198.5,NaN,NaN,NaN,NaN,NaN,NaN,NaN,NaN,NaN,7.12,NaN,NaN,NaN,NaN,NaN,NaN,NaN,NaN,NaN,7.31
199,NaN,NaN,NaN,NaN,NaN,NaN,NaN,NaN,NaN,7.08,NaN,NaN,NaN,NaN,NaN,NaN,NaN,NaN,NaN,7.28
199.5,NaN,NaN,NaN,NaN,NaN,NaN,NaN,NaN,NaN,7.04,NaN,NaN,NaN,NaN,NaN,NaN,NaN,NaN,NaN,7.33
200,NaN,NaN,NaN,NaN,NaN,NaN,NaN,NaN,NaN,6.95,NaN,NaN,NaN,NaN,NaN,NaN,NaN,NaN,NaN,7.41
200.5,NaN,NaN,NaN,NaN,NaN,NaN,NaN,NaN,NaN,6.82,NaN,NaN,NaN,NaN,NaN,NaN,NaN,NaN,NaN,7.54
201,NaN,NaN,NaN,NaN,NaN,NaN,NaN,NaN,NaN,6.78,NaN,NaN,NaN,NaN,NaN,NaN,NaN,NaN,NaN,7.59
201.5,NaN,NaN,NaN,NaN,NaN,NaN,NaN,NaN,NaN,6.70,NaN,NaN,NaN,NaN,NaN,NaN,NaN,NaN,NaN,7.64
202,NaN,NaN,NaN,NaN,NaN,NaN,NaN,NaN,NaN,6.68,NaN,NaN,NaN,NaN,NaN,NaN,NaN,NaN,NaN,7.80
202.5,NaN,NaN,NaN,NaN,NaN,NaN,NaN,NaN,NaN,6.64,NaN,NaN,NaN,NaN,NaN,NaN,NaN,NaN,NaN,7.80
203,NaN,NaN,NaN,NaN,NaN,NaN,NaN,NaN,NaN,6.62,NaN,NaN,NaN,NaN,NaN,NaN,NaN,NaN,NaN,7.71
203.5,NaN,NaN,NaN,NaN,NaN,NaN,NaN,NaN,NaN,6.61,NaN,NaN,NaN,NaN,NaN,NaN,NaN,NaN,NaN,7.66
204,NaN,NaN,NaN,NaN,NaN,NaN,NaN,NaN,NaN,6.58,NaN,NaN,NaN,NaN,NaN,NaN,NaN,NaN,NaN,7.60
204.5,NaN,NaN,NaN,NaN,NaN,NaN,NaN,NaN,NaN,6.61,NaN,NaN,NaN,NaN,NaN,NaN,NaN,NaN,NaN,7.58
205,NaN,NaN,NaN,NaN,NaN,NaN,NaN,NaN,NaN,6.61,NaN,NaN,NaN,NaN,NaN,NaN,NaN,NaN,NaN,7.54
205.5,NaN,NaN,NaN,NaN,NaN,NaN,NaN,NaN,NaN,6.62,NaN,NaN,NaN,NaN,NaN,NaN,NaN,NaN,NaN,7.50
206,NaN,NaN,NaN,NaN,NaN,NaN,NaN,NaN,NaN,6.71,NaN,NaN,NaN,NaN,NaN,NaN,NaN,NaN,NaN,7.50
206.5,NaN,NaN,NaN,NaN,NaN,NaN,NaN,NaN,NaN,6.83,NaN,NaN,NaN,NaN,NaN,NaN,NaN,NaN,NaN,7.59
207,NaN,NaN,NaN,NaN,NaN,NaN,NaN,NaN,NaN,6.91,NaN,NaN,NaN,NaN,NaN,NaN,NaN,NaN,NaN,7.62
207.5,NaN,NaN,NaN,NaN,NaN,NaN,NaN,NaN,NaN,7.00,NaN,NaN,NaN,NaN,NaN,NaN,NaN,NaN,NaN,7.61
208,NaN,NaN,NaN,NaN,NaN,NaN,NaN,NaN,NaN,7.03,NaN,NaN,NaN,NaN,NaN,NaN,NaN,NaN,NaN,7.60
208.5,NaN,NaN,NaN,NaN,NaN,NaN,NaN,NaN,NaN,7.06,NaN,NaN,NaN,NaN,NaN,NaN,NaN,NaN,NaN,7.58
209,NaN,NaN,NaN,NaN,NaN,NaN,NaN,NaN,NaN,7.12,NaN,NaN,NaN,NaN,NaN,NaN,NaN,NaN,NaN,7.59
209.5,NaN,NaN,NaN,NaN,NaN,NaN,NaN,NaN,NaN,7.18,NaN,NaN,NaN,NaN,NaN,NaN,NaN,NaN,NaN,7.58
210,NaN,NaN,NaN,NaN,NaN,NaN,NaN,NaN,NaN,7.27,NaN,NaN,NaN,NaN,NaN,NaN,NaN,NaN,NaN,7.59
210.5,NaN,NaN,NaN,NaN,NaN,NaN,NaN,NaN,NaN,7.45,NaN,NaN,NaN,NaN,NaN,NaN,NaN,NaN,NaN,7.56
211,NaN,NaN,NaN,NaN,NaN,NaN,NaN,NaN,NaN,7.62,NaN,NaN,NaN,NaN,NaN,NaN,NaN,NaN,NaN,7.59
211.5,NaN,NaN,NaN,NaN,NaN,NaN,NaN,NaN,NaN,7.80,NaN,NaN,NaN,NaN,NaN,NaN,NaN,NaN,NaN,7.72
212,NaN,NaN,NaN,NaN,NaN,NaN,NaN,NaN,NaN,7.90,NaN,NaN,NaN,NaN,NaN,NaN,NaN,NaN,NaN,7.78
212.5,NaN,NaN,NaN,NaN,NaN,NaN,NaN,NaN,NaN,7.90,NaN,NaN,NaN,NaN,NaN,NaN,NaN,NaN,NaN,7.86
213,NaN,NaN,NaN,NaN,NaN,NaN,NaN,NaN,NaN,7.92,NaN,NaN,NaN,NaN,NaN,NaN,NaN,NaN,NaN,7.87
213.5,NaN,NaN,NaN,NaN,NaN,NaN,NaN,NaN,NaN,7.88,NaN,NaN,NaN,NaN,NaN,NaN,NaN,NaN,NaN,7.87
214,NaN,NaN,NaN,NaN,NaN,NaN,NaN,NaN,NaN,7.85,NaN,NaN,NaN,NaN,NaN,NaN,NaN,NaN,NaN,7.88
214.5,NaN,NaN,NaN,NaN,NaN,NaN,NaN,NaN,NaN,7.84,NaN,NaN,NaN,NaN,NaN,NaN,NaN,NaN,NaN,7.91
215,NaN,NaN,NaN,NaN,NaN,NaN,NaN,NaN,NaN,7.76,NaN,NaN,NaN,NaN,NaN,NaN,NaN,NaN,NaN,7.91
215.5,NaN,NaN,NaN,NaN,NaN,NaN,NaN,NaN,NaN,7.72,NaN,NaN,NaN,NaN,NaN,NaN,NaN,NaN,NaN,8.01
216,NaN,NaN,NaN,NaN,NaN,NaN,NaN,NaN,NaN,7.66,NaN,NaN,NaN,NaN,NaN,NaN,NaN,NaN,NaN,8.11
216.5,NaN,NaN,NaN,NaN,NaN,NaN,NaN,NaN,NaN,7.63,NaN,NaN,NaN,NaN,NaN,NaN,NaN,NaN,NaN,8.22
217,NaN,NaN,NaN,NaN,NaN,NaN,NaN,NaN,NaN,7.53,NaN,NaN,NaN,NaN,NaN,NaN,NaN,NaN,NaN,8.28
217.5,NaN,NaN,NaN,NaN,NaN,NaN,NaN,NaN,NaN,7.44,NaN,NaN,NaN,NaN,NaN,NaN,NaN,NaN,NaN,8.30
218,NaN,NaN,NaN,NaN,NaN,NaN,NaN,NaN,NaN,7.35,NaN,NaN,NaN,NaN,NaN,NaN,NaN,NaN,NaN,8.33
218.5,NaN,NaN,NaN,NaN,NaN,NaN,NaN,NaN,NaN,7.18,NaN,NaN,NaN,NaN,NaN,NaN,NaN,NaN,NaN,8.35
219,NaN,NaN,NaN,NaN,NaN,NaN,NaN,NaN,NaN,7.02,NaN,NaN,NaN,NaN,NaN,NaN,NaN,NaN,NaN,8.43
219.5,NaN,NaN,NaN,NaN,NaN,NaN,NaN,NaN,NaN,6.85,NaN,NaN,NaN,NaN,NaN,NaN,NaN,NaN,NaN,8.58
220,NaN,NaN,NaN,NaN,NaN,NaN,NaN,NaN,NaN,6.76,NaN,NaN,NaN,NaN,NaN,NaN,NaN,NaN,NaN,8.68
220.5,NaN,NaN,NaN,NaN,NaN,NaN,NaN,NaN,NaN,6.53,NaN,NaN,NaN,NaN,NaN,NaN,NaN,NaN,NaN,8.76
221,NaN,NaN,NaN,NaN,NaN,NaN,NaN,NaN,NaN,6.27,NaN,NaN,NaN,NaN,NaN,NaN,NaN,NaN,NaN,8.79
221.5,NaN,NaN,NaN,NaN,NaN,NaN,NaN,NaN,NaN,6.03,NaN,NaN,NaN,NaN,NaN,NaN,NaN,NaN,NaN,8.79
222,NaN,NaN,NaN,NaN,NaN,NaN,NaN,NaN,NaN,5.77,NaN,NaN,NaN,NaN,NaN,NaN,NaN,NaN,NaN,8.78
222.5,NaN,NaN,NaN,NaN,NaN,NaN,NaN,NaN,NaN,5.46,NaN,NaN,NaN,NaN,NaN,NaN,NaN,NaN,NaN,8.80
223,NaN,NaN,NaN,NaN,NaN,NaN,NaN,NaN,NaN,5.20,NaN,NaN,NaN,NaN,NaN,NaN,NaN,NaN,NaN,8.80
223.5,NaN,NaN,NaN,NaN,NaN,NaN,NaN,NaN,NaN,4.92,NaN,NaN,NaN,NaN,NaN,NaN,NaN,NaN,NaN,8.83
224,NaN,NaN,NaN,NaN,NaN,NaN,NaN,NaN,NaN,4.63,NaN,NaN,NaN,NaN,NaN,NaN,NaN,NaN,NaN,8.83
224.5,NaN,NaN,NaN,NaN,NaN,NaN,NaN,NaN,NaN,4.42,NaN,NaN,NaN,NaN,NaN,NaN,NaN,NaN,NaN,8.93
225,NaN,NaN,NaN,NaN,NaN,NaN,NaN,NaN,NaN,4.16,NaN,NaN,NaN,NaN,NaN,NaN,NaN,NaN,NaN,8.86
225.5,NaN,NaN,NaN,NaN,NaN,NaN,NaN,NaN,NaN,4.00,NaN,NaN,NaN,NaN,NaN,NaN,NaN,NaN,NaN,8.75
226,NaN,NaN,NaN,NaN,NaN,NaN,NaN,NaN,NaN,3.66,NaN,NaN,NaN,NaN,NaN,NaN,NaN,NaN,NaN,8.65
226.5,NaN,NaN,NaN,NaN,NaN,NaN,NaN,NaN,NaN,3.38,NaN,NaN,NaN,NaN,NaN,NaN,NaN,NaN,NaN,8.57
227,NaN,NaN,NaN,NaN,NaN,NaN,NaN,NaN,NaN,3.15,NaN,NaN,NaN,NaN,NaN,NaN,NaN,NaN,NaN,8.53
227.5,NaN,NaN,NaN,NaN,NaN,NaN,NaN,NaN,NaN,2.85,NaN,NaN,NaN,NaN,NaN,NaN,NaN,NaN,NaN,8.51
228,NaN,NaN,NaN,NaN,NaN,NaN,NaN,NaN,NaN,2.54,NaN,NaN,NaN,NaN,NaN,NaN,NaN,NaN,NaN,8.51
228.5,NaN,NaN,NaN,NaN,NaN,NaN,NaN,NaN,NaN,2.24,NaN,NaN,NaN,NaN,NaN,NaN,NaN,NaN,NaN,8.50
229,NaN,NaN,NaN,NaN,NaN,NaN,NaN,NaN,NaN,1.92,NaN,NaN,NaN,NaN,NaN,NaN,NaN,NaN,NaN,8.48
229.5,NaN,NaN,NaN,NaN,NaN,NaN,NaN,NaN,NaN,1.60,NaN,NaN,NaN,NaN,NaN,NaN,NaN,NaN,NaN,8.48
230,NaN,NaN,NaN,NaN,NaN,NaN,NaN,NaN,NaN,1.25,NaN,NaN,NaN,NaN,NaN,NaN,NaN,NaN,NaN,8.48
230.5,NaN,NaN,NaN,NaN,NaN,NaN,NaN,NaN,NaN,0.90,NaN,NaN,NaN,NaN,NaN,NaN,NaN,NaN,NaN,8.47
231,NaN,NaN,NaN,NaN,NaN,NaN,NaN,NaN,NaN,0.57,NaN,NaN,NaN,NaN,NaN,NaN,NaN,NaN,NaN,8.42
231.5,NaN,NaN,NaN,NaN,NaN,NaN,NaN,NaN,NaN,0.41,NaN,NaN,NaN,NaN,NaN,NaN,NaN,NaN,NaN,8.38
232,NaN,NaN,NaN,NaN,NaN,NaN,NaN,NaN,NaN,0.21,NaN,NaN,NaN,NaN,NaN,NaN,NaN,NaN,NaN,8.35
232.5,NaN,NaN,NaN,NaN,NaN,NaN,NaN,NaN,NaN,0.15,NaN,NaN,NaN,NaN,NaN,NaN,NaN,NaN,NaN,8.33
233,NaN,NaN,NaN,NaN,NaN,NaN,NaN,NaN,NaN,0.11,NaN,NaN,NaN,NaN,NaN,NaN,NaN,NaN,NaN,8.31
233.5,NaN,NaN,NaN,NaN,NaN,NaN,NaN,NaN,NaN,0.07,NaN,NaN,NaN,NaN,NaN,NaN,NaN,NaN,NaN,8.30
234,NaN,NaN,NaN,NaN,NaN,NaN,NaN,NaN,NaN,0.07,NaN,NaN,NaN,NaN,NaN,NaN,NaN,NaN,NaN,8.32
234.5,NaN,NaN,NaN,NaN,NaN,NaN,NaN,NaN,NaN,0.06,NaN,NaN,NaN,NaN,NaN,NaN,NaN,NaN,NaN,8.33
235,NaN,NaN,NaN,NaN,NaN,NaN,NaN,NaN,NaN,0.07,NaN,NaN,NaN,NaN,NaN,NaN,NaN,NaN,NaN,8.38
235.5,NaN,NaN,NaN,NaN,NaN,NaN,NaN,NaN,NaN,0.09,NaN,NaN,NaN,NaN,NaN,NaN,NaN,NaN,NaN,8.40
236,NaN,NaN,NaN,NaN,NaN,NaN,NaN,NaN,NaN,0.08,NaN,NaN,NaN,NaN,NaN,NaN,NaN,NaN,NaN,8.46
236.5,NaN,NaN,NaN,NaN,NaN,NaN,NaN,NaN,NaN,NaN,NaN,NaN,NaN,NaN,NaN,NaN,NaN,NaN,NaN,8.57
237,NaN,NaN,NaN,NaN,NaN,NaN,NaN,NaN,NaN,NaN,NaN,NaN,NaN,NaN,NaN,NaN,NaN,NaN,NaN,8.69
237.5,NaN,NaN,NaN,NaN,NaN,NaN,NaN,NaN,NaN,NaN,NaN,NaN,NaN,NaN,NaN,NaN,NaN,NaN,NaN,8.78
238,NaN,NaN,NaN,NaN,NaN,NaN,NaN,NaN,NaN,NaN,NaN,NaN,NaN,NaN,NaN,NaN,NaN,NaN,NaN,8.81
238.5,NaN,NaN,NaN,NaN,NaN,NaN,NaN,NaN,NaN,NaN,NaN,NaN,NaN,NaN,NaN,NaN,NaN,NaN,NaN,8.80
239,NaN,NaN,NaN,NaN,NaN,NaN,NaN,NaN,NaN,NaN,NaN,NaN,NaN,NaN,NaN,NaN,NaN,NaN,NaN,8.78
239.5,NaN,NaN,NaN,NaN,NaN,NaN,NaN,NaN,NaN,NaN,NaN,NaN,NaN,NaN,NaN,NaN,NaN,NaN,NaN,8.72
240,NaN,NaN,NaN,NaN,NaN,NaN,NaN,NaN,NaN,NaN,NaN,NaN,NaN,NaN,NaN,NaN,NaN,NaN,NaN,8.60
240.5,NaN,NaN,NaN,NaN,NaN,NaN,NaN,NaN,NaN,NaN,NaN,NaN,NaN,NaN,NaN,NaN,NaN,NaN,NaN,8.56
241,NaN,NaN,NaN,NaN,NaN,NaN,NaN,NaN,NaN,NaN,NaN,NaN,NaN,NaN,NaN,NaN,NaN,NaN,NaN,8.52
241.5,NaN,NaN,NaN,NaN,NaN,NaN,NaN,NaN,NaN,NaN,NaN,NaN,NaN,NaN,NaN,NaN,NaN,NaN,NaN,8.45
242,NaN,NaN,NaN,NaN,NaN,NaN,NaN,NaN,NaN,NaN,NaN,NaN,NaN,NaN,NaN,NaN,NaN,NaN,NaN,8.39
242.5,NaN,NaN,NaN,NaN,NaN,NaN,NaN,NaN,NaN,NaN,NaN,NaN,NaN,NaN,NaN,NaN,NaN,NaN,NaN,8.36
243,NaN,NaN,NaN,NaN,NaN,NaN,NaN,NaN,NaN,NaN,NaN,NaN,NaN,NaN,NaN,NaN,NaN,NaN,NaN,8.36
243.5,NaN,NaN,NaN,NaN,NaN,NaN,NaN,NaN,NaN,NaN,NaN,NaN,NaN,NaN,NaN,NaN,NaN,NaN,NaN,8.41
244,NaN,NaN,NaN,NaN,NaN,NaN,NaN,NaN,NaN,NaN,NaN,NaN,NaN,NaN,NaN,NaN,NaN,NaN,NaN,8.49
244.5,NaN,NaN,NaN,NaN,NaN,NaN,NaN,NaN,NaN,NaN,NaN,NaN,NaN,NaN,NaN,NaN,NaN,NaN,NaN,8.49
245,NaN,NaN,NaN,NaN,NaN,NaN,NaN,NaN,NaN,NaN,NaN,NaN,NaN,NaN,NaN,NaN,NaN,NaN,NaN,8.50
245.5,NaN,NaN,NaN,NaN,NaN,NaN,NaN,NaN,NaN,NaN,NaN,NaN,NaN,NaN,NaN,NaN,NaN,NaN,NaN,8.45
246,NaN,NaN,NaN,NaN,NaN,NaN,NaN,NaN,NaN,NaN,NaN,NaN,NaN,NaN,NaN,NaN,NaN,NaN,NaN,8.43
246.5,NaN,NaN,NaN,NaN,NaN,NaN,NaN,NaN,NaN,NaN,NaN,NaN,NaN,NaN,NaN,NaN,NaN,NaN,NaN,8.39
247,NaN,NaN,NaN,NaN,NaN,NaN,NaN,NaN,NaN,NaN,NaN,NaN,NaN,NaN,NaN,NaN,NaN,NaN,NaN,8.39
247.5,NaN,NaN,NaN,NaN,NaN,NaN,NaN,NaN,NaN,NaN,NaN,NaN,NaN,NaN,NaN,NaN,NaN,NaN,NaN,8.37
248,NaN,NaN,NaN,NaN,NaN,NaN,NaN,NaN,NaN,NaN,NaN,NaN,NaN,NaN,NaN,NaN,NaN,NaN,NaN,8.35
248.5,NaN,NaN,NaN,NaN,NaN,NaN,NaN,NaN,NaN,NaN,NaN,NaN,NaN,NaN,NaN,NaN,NaN,NaN,NaN,8.31
249,NaN,NaN,NaN,NaN,NaN,NaN,NaN,NaN,NaN,NaN,NaN,NaN,NaN,NaN,NaN,NaN,NaN,NaN,NaN,8.32
249.5,NaN,NaN,NaN,NaN,NaN,NaN,NaN,NaN,NaN,NaN,NaN,NaN,NaN,NaN,NaN,NaN,NaN,NaN,NaN,8.30
250,NaN,NaN,NaN,NaN,NaN,NaN,NaN,NaN,NaN,NaN,NaN,NaN,NaN,NaN,NaN,NaN,NaN,NaN,NaN,8.32
250.5,NaN,NaN,NaN,NaN,NaN,NaN,NaN,NaN,NaN,NaN,NaN,NaN,NaN,NaN,NaN,NaN,NaN,NaN,NaN,8.28
251,NaN,NaN,NaN,NaN,NaN,NaN,NaN,NaN,NaN,NaN,NaN,NaN,NaN,NaN,NaN,NaN,NaN,NaN,NaN,8.29
251.5,NaN,NaN,NaN,NaN,NaN,NaN,NaN,NaN,NaN,NaN,NaN,NaN,NaN,NaN,NaN,NaN,NaN,NaN,NaN,8.30
252,NaN,NaN,NaN,NaN,NaN,NaN,NaN,NaN,NaN,NaN,NaN,NaN,NaN,NaN,NaN,NaN,NaN,NaN,NaN,8.32
252.5,NaN,NaN,NaN,NaN,NaN,NaN,NaN,NaN,NaN,NaN,NaN,NaN,NaN,NaN,NaN,NaN,NaN,NaN,NaN,8.30
253,NaN,NaN,NaN,NaN,NaN,NaN,NaN,NaN,NaN,NaN,NaN,NaN,NaN,NaN,NaN,NaN,NaN,NaN,NaN,8.36
253.5,NaN,NaN,NaN,NaN,NaN,NaN,NaN,NaN,NaN,NaN,NaN,NaN,NaN,NaN,NaN,NaN,NaN,NaN,NaN,8.36
254,NaN,NaN,NaN,NaN,NaN,NaN,NaN,NaN,NaN,NaN,NaN,NaN,NaN,NaN,NaN,NaN,NaN,NaN,NaN,8.37
254.5,NaN,NaN,NaN,NaN,NaN,NaN,NaN,NaN,NaN,NaN,NaN,NaN,NaN,NaN,NaN,NaN,NaN,NaN,NaN,8.34
255,NaN,NaN,NaN,NaN,NaN,NaN,NaN,NaN,NaN,NaN,NaN,NaN,NaN,NaN,NaN,NaN,NaN,NaN,NaN,8.36
255.5,NaN,NaN,NaN,NaN,NaN,NaN,NaN,NaN,NaN,NaN,NaN,NaN,NaN,NaN,NaN,NaN,NaN,NaN,NaN,8.39
256,NaN,NaN,NaN,NaN,NaN,NaN,NaN,NaN,NaN,NaN,NaN,NaN,NaN,NaN,NaN,NaN,NaN,NaN,NaN,8.40
256.5,NaN,NaN,NaN,NaN,NaN,NaN,NaN,NaN,NaN,NaN,NaN,NaN,NaN,NaN,NaN,NaN,NaN,NaN,NaN,8.43
257,NaN,NaN,NaN,NaN,NaN,NaN,NaN,NaN,NaN,NaN,NaN,NaN,NaN,NaN,NaN,NaN,NaN,NaN,NaN,8.45
257.5,NaN,NaN,NaN,NaN,NaN,NaN,NaN,NaN,NaN,NaN,NaN,NaN,NaN,NaN,NaN,NaN,NaN,NaN,NaN,8.47
258,NaN,NaN,NaN,NaN,NaN,NaN,NaN,NaN,NaN,NaN,NaN,NaN,NaN,NaN,NaN,NaN,NaN,NaN,NaN,8.50
258.5,NaN,NaN,NaN,NaN,NaN,NaN,NaN,NaN,NaN,NaN,NaN,NaN,NaN,NaN,NaN,NaN,NaN,NaN,NaN,8.51
259,NaN,NaN,NaN,NaN,NaN,NaN,NaN,NaN,NaN,NaN,NaN,NaN,NaN,NaN,NaN,NaN,NaN,NaN,NaN,8.52
259.5,NaN,NaN,NaN,NaN,NaN,NaN,NaN,NaN,NaN,NaN,NaN,NaN,NaN,NaN,NaN,NaN,NaN,NaN,NaN,8.53
260,NaN,NaN,NaN,NaN,NaN,NaN,NaN,NaN,NaN,NaN,NaN,NaN,NaN,NaN,NaN,NaN,NaN,NaN,NaN,8.55
260.5,NaN,NaN,NaN,NaN,NaN,NaN,NaN,NaN,NaN,NaN,NaN,NaN,NaN,NaN,NaN,NaN,NaN,NaN,NaN,8.59
261,NaN,NaN,NaN,NaN,NaN,NaN,NaN,NaN,NaN,NaN,NaN,NaN,NaN,NaN,NaN,NaN,NaN,NaN,NaN,8.61
261.5,NaN,NaN,NaN,NaN,NaN,NaN,NaN,NaN,NaN,NaN,NaN,NaN,NaN,NaN,NaN,NaN,NaN,NaN,NaN,8.62
262,NaN,NaN,NaN,NaN,NaN,NaN,NaN,NaN,NaN,NaN,NaN,NaN,NaN,NaN,NaN,NaN,NaN,NaN,NaN,8.62
262.5,NaN,NaN,NaN,NaN,NaN,NaN,NaN,NaN,NaN,NaN,NaN,NaN,NaN,NaN,NaN,NaN,NaN,NaN,NaN,8.63
263,NaN,NaN,NaN,NaN,NaN,NaN,NaN,NaN,NaN,NaN,NaN,NaN,NaN,NaN,NaN,NaN,NaN,NaN,NaN,8.62
263.5,NaN,NaN,NaN,NaN,NaN,NaN,NaN,NaN,NaN,NaN,NaN,NaN,NaN,NaN,NaN,NaN,NaN,NaN,NaN,8.62
264,NaN,NaN,NaN,NaN,NaN,NaN,NaN,NaN,NaN,NaN,NaN,NaN,NaN,NaN,NaN,NaN,NaN,NaN,NaN,8.60
264.5,NaN,NaN,NaN,NaN,NaN,NaN,NaN,NaN,NaN,NaN,NaN,NaN,NaN,NaN,NaN,NaN,NaN,NaN,NaN,8.56
265,NaN,NaN,NaN,NaN,NaN,NaN,NaN,NaN,NaN,NaN,NaN,NaN,NaN,NaN,NaN,NaN,NaN,NaN,NaN,8.55
265.5,NaN,NaN,NaN,NaN,NaN,NaN,NaN,NaN,NaN,NaN,NaN,NaN,NaN,NaN,NaN,NaN,NaN,NaN,NaN,8.54
266,NaN,NaN,NaN,NaN,NaN,NaN,NaN,NaN,NaN,NaN,NaN,NaN,NaN,NaN,NaN,NaN,NaN,NaN,NaN,8.56
266.5,NaN,NaN,NaN,NaN,NaN,NaN,NaN,NaN,NaN,NaN,NaN,NaN,NaN,NaN,NaN,NaN,NaN,NaN,NaN,8.59
267,NaN,NaN,NaN,NaN,NaN,NaN,NaN,NaN,NaN,NaN,NaN,NaN,NaN,NaN,NaN,NaN,NaN,NaN,NaN,8.60
267.5,NaN,NaN,NaN,NaN,NaN,NaN,NaN,NaN,NaN,NaN,NaN,NaN,NaN,NaN,NaN,NaN,NaN,NaN,NaN,8.60
268,NaN,NaN,NaN,NaN,NaN,NaN,NaN,NaN,NaN,NaN,NaN,NaN,NaN,NaN,NaN,NaN,NaN,NaN,NaN,8.64
268.5,NaN,NaN,NaN,NaN,NaN,NaN,NaN,NaN,NaN,NaN,NaN,NaN,NaN,NaN,NaN,NaN,NaN,NaN,NaN,8.68
269,NaN,NaN,NaN,NaN,NaN,NaN,NaN,NaN,NaN,NaN,NaN,NaN,NaN,NaN,NaN,NaN,NaN,NaN,NaN,8.67
269.5,NaN,NaN,NaN,NaN,NaN,NaN,NaN,NaN,NaN,NaN,NaN,NaN,NaN,NaN,NaN,NaN,NaN,NaN,NaN,8.68
270,NaN,NaN,NaN,NaN,NaN,NaN,NaN,NaN,NaN,NaN,NaN,NaN,NaN,NaN,NaN,NaN,NaN,NaN,NaN,8.68
270.5,NaN,NaN,NaN,NaN,NaN,NaN,NaN,NaN,NaN,NaN,NaN,NaN,NaN,NaN,NaN,NaN,NaN,NaN,NaN,8.71
271,NaN,NaN,NaN,NaN,NaN,NaN,NaN,NaN,NaN,NaN,NaN,NaN,NaN,NaN,NaN,NaN,NaN,NaN,NaN,8.75
271.5,NaN,NaN,NaN,NaN,NaN,NaN,NaN,NaN,NaN,NaN,NaN,NaN,NaN,NaN,NaN,NaN,NaN,NaN,NaN,8.79
272,NaN,NaN,NaN,NaN,NaN,NaN,NaN,NaN,NaN,NaN,NaN,NaN,NaN,NaN,NaN,NaN,NaN,NaN,NaN,8.85
272.5,NaN,NaN,NaN,NaN,NaN,NaN,NaN,NaN,NaN,NaN,NaN,NaN,NaN,NaN,NaN,NaN,NaN,NaN,NaN,8.95
273,NaN,NaN,NaN,NaN,NaN,NaN,NaN,NaN,NaN,NaN,NaN,NaN,NaN,NaN,NaN,NaN,NaN,NaN,NaN,9.01
273.5,NaN,NaN,NaN,NaN,NaN,NaN,NaN,NaN,NaN,NaN,NaN,NaN,NaN,NaN,NaN,NaN,NaN,NaN,NaN,9.00
274,NaN,NaN,NaN,NaN,NaN,NaN,NaN,NaN,NaN,NaN,NaN,NaN,NaN,NaN,NaN,NaN,NaN,NaN,NaN,9.03
274.5,NaN,NaN,NaN,NaN,NaN,NaN,NaN,NaN,NaN,NaN,NaN,NaN,NaN,NaN,NaN,NaN,NaN,NaN,NaN,9.07
275,NaN,NaN,NaN,NaN,NaN,NaN,NaN,NaN,NaN,NaN,NaN,NaN,NaN,NaN,NaN,NaN,NaN,NaN,NaN,9.12
275.5,NaN,NaN,NaN,NaN,NaN,NaN,NaN,NaN,NaN,NaN,NaN,NaN,NaN,NaN,NaN,NaN,NaN,NaN,NaN,9.12
276,NaN,NaN,NaN,NaN,NaN,NaN,NaN,NaN,NaN,NaN,NaN,NaN,NaN,NaN,NaN,NaN,NaN,NaN,NaN,9.14
276.5,NaN,NaN,NaN,NaN,NaN,NaN,NaN,NaN,NaN,NaN,NaN,NaN,NaN,NaN,NaN,NaN,NaN,NaN,NaN,9.21
277,NaN,NaN,NaN,NaN,NaN,NaN,NaN,NaN,NaN,NaN,NaN,NaN,NaN,NaN,NaN,NaN,NaN,NaN,NaN,9.26
277.5,NaN,NaN,NaN,NaN,NaN,NaN,NaN,NaN,NaN,NaN,NaN,NaN,NaN,NaN,NaN,NaN,NaN,NaN,NaN,9.35
278,NaN,NaN,NaN,NaN,NaN,NaN,NaN,NaN,NaN,NaN,NaN,NaN,NaN,NaN,NaN,NaN,NaN,NaN,NaN,9.46
278.5,NaN,NaN,NaN,NaN,NaN,NaN,NaN,NaN,NaN,NaN,NaN,NaN,NaN,NaN,NaN,NaN,NaN,NaN,NaN,9.48
279,NaN,NaN,NaN,NaN,NaN,NaN,NaN,NaN,NaN,NaN,NaN,NaN,NaN,NaN,NaN,NaN,NaN,NaN,NaN,9.49
279.5,NaN,NaN,NaN,NaN,NaN,NaN,NaN,NaN,NaN,NaN,NaN,NaN,NaN,NaN,NaN,NaN,NaN,NaN,NaN,9.52
280,NaN,NaN,NaN,NaN,NaN,NaN,NaN,NaN,NaN,NaN,NaN,NaN,NaN,NaN,NaN,NaN,NaN,NaN,NaN,9.52
280.5,NaN,NaN,NaN,NaN,NaN,NaN,NaN,NaN,NaN,NaN,NaN,NaN,NaN,NaN,NaN,NaN,NaN,NaN,NaN,9.56
281,NaN,NaN,NaN,NaN,NaN,NaN,NaN,NaN,NaN,NaN,NaN,NaN,NaN,NaN,NaN,NaN,NaN,NaN,NaN,9.58
281.5,NaN,NaN,NaN,NaN,NaN,NaN,NaN,NaN,NaN,NaN,NaN,NaN,NaN,NaN,NaN,NaN,NaN,NaN,NaN,9.61
282,NaN,NaN,NaN,NaN,NaN,NaN,NaN,NaN,NaN,NaN,NaN,NaN,NaN,NaN,NaN,NaN,NaN,NaN,NaN,9.64
282.5,NaN,NaN,NaN,NaN,NaN,NaN,NaN,NaN,NaN,NaN,NaN,NaN,NaN,NaN,NaN,NaN,NaN,NaN,NaN,9.57
283,NaN,NaN,NaN,NaN,NaN,NaN,NaN,NaN,NaN,NaN,NaN,NaN,NaN,NaN,NaN,NaN,NaN,NaN,NaN,9.53
283.5,NaN,NaN,NaN,NaN,NaN,NaN,NaN,NaN,NaN,NaN,NaN,NaN,NaN,NaN,NaN,NaN,NaN,NaN,NaN,9.49
284,NaN,NaN,NaN,NaN,NaN,NaN,NaN,NaN,NaN,NaN,NaN,NaN,NaN,NaN,NaN,NaN,NaN,NaN,NaN,9.42
284.5,NaN,NaN,NaN,NaN,NaN,NaN,NaN,NaN,NaN,NaN,NaN,NaN,NaN,NaN,NaN,NaN,NaN,NaN,NaN,9.39
285,NaN,NaN,NaN,NaN,NaN,NaN,NaN,NaN,NaN,NaN,NaN,NaN,NaN,NaN,NaN,NaN,NaN,NaN,NaN,9.37
285.5,NaN,NaN,NaN,NaN,NaN,NaN,NaN,NaN,NaN,NaN,NaN,NaN,NaN,NaN,NaN,NaN,NaN,NaN,NaN,9.33
286,NaN,NaN,NaN,NaN,NaN,NaN,NaN,NaN,NaN,NaN,NaN,NaN,NaN,NaN,NaN,NaN,NaN,NaN,NaN,9.24
286.5,NaN,NaN,NaN,NaN,NaN,NaN,NaN,NaN,NaN,NaN,NaN,NaN,NaN,NaN,NaN,NaN,NaN,NaN,NaN,9.13
287,NaN,NaN,NaN,NaN,NaN,NaN,NaN,NaN,NaN,NaN,NaN,NaN,NaN,NaN,NaN,NaN,NaN,NaN,NaN,9.06
287.5,NaN,NaN,NaN,NaN,NaN,NaN,NaN,NaN,NaN,NaN,NaN,NaN,NaN,NaN,NaN,NaN,NaN,NaN,NaN,8.93
288,NaN,NaN,NaN,NaN,NaN,NaN,NaN,NaN,NaN,NaN,NaN,NaN,NaN,NaN,NaN,NaN,NaN,NaN,NaN,8.81
288.5,NaN,NaN,NaN,NaN,NaN,NaN,NaN,NaN,NaN,NaN,NaN,NaN,NaN,NaN,NaN,NaN,NaN,NaN,NaN,8.68
289,NaN,NaN,NaN,NaN,NaN,NaN,NaN,NaN,NaN,NaN,NaN,NaN,NaN,NaN,NaN,NaN,NaN,NaN,NaN,8.52
289.5,NaN,NaN,NaN,NaN,NaN,NaN,NaN,NaN,NaN,NaN,NaN,NaN,NaN,NaN,NaN,NaN,NaN,NaN,NaN,8.37
290,NaN,NaN,NaN,NaN,NaN,NaN,NaN,NaN,NaN,NaN,NaN,NaN,NaN,NaN,NaN,NaN,NaN,NaN,NaN,8.25
290.5,NaN,NaN,NaN,NaN,NaN,NaN,NaN,NaN,NaN,NaN,NaN,NaN,NaN,NaN,NaN,NaN,NaN,NaN,NaN,8.12
291,NaN,NaN,NaN,NaN,NaN,NaN,NaN,NaN,NaN,NaN,NaN,NaN,NaN,NaN,NaN,NaN,NaN,NaN,NaN,7.95
291.5,NaN,NaN,NaN,NaN,NaN,NaN,NaN,NaN,NaN,NaN,NaN,NaN,NaN,NaN,NaN,NaN,NaN,NaN,NaN,7.73
292,NaN,NaN,NaN,NaN,NaN,NaN,NaN,NaN,NaN,NaN,NaN,NaN,NaN,NaN,NaN,NaN,NaN,NaN,NaN,7.50
292.5,NaN,NaN,NaN,NaN,NaN,NaN,NaN,NaN,NaN,NaN,NaN,NaN,NaN,NaN,NaN,NaN,NaN,NaN,NaN,7.40
293,NaN,NaN,NaN,NaN,NaN,NaN,NaN,NaN,NaN,NaN,NaN,NaN,NaN,NaN,NaN,NaN,NaN,NaN,NaN,7.15
293.5,NaN,NaN,NaN,NaN,NaN,NaN,NaN,NaN,NaN,NaN,NaN,NaN,NaN,NaN,NaN,NaN,NaN,NaN,NaN,6.93
294,NaN,NaN,NaN,NaN,NaN,NaN,NaN,NaN,NaN,NaN,NaN,NaN,NaN,NaN,NaN,NaN,NaN,NaN,NaN,6.71
294.5,NaN,NaN,NaN,NaN,NaN,NaN,NaN,NaN,NaN,NaN,NaN,NaN,NaN,NaN,NaN,NaN,NaN,NaN,NaN,6.46
295,NaN,NaN,NaN,NaN,NaN,NaN,NaN,NaN,NaN,NaN,NaN,NaN,NaN,NaN,NaN,NaN,NaN,NaN,NaN,6.30
295.5,NaN,NaN,NaN,NaN,NaN,NaN,NaN,NaN,NaN,NaN,NaN,NaN,NaN,NaN,NaN,NaN,NaN,NaN,NaN,6.08
296,NaN,NaN,NaN,NaN,NaN,NaN,NaN,NaN,NaN,NaN,NaN,NaN,NaN,NaN,NaN,NaN,NaN,NaN,NaN,5.85
296.5,NaN,NaN,NaN,NaN,NaN,NaN,NaN,NaN,NaN,NaN,NaN,NaN,NaN,NaN,NaN,NaN,NaN,NaN,NaN,5.66
297,NaN,NaN,NaN,NaN,NaN,NaN,NaN,NaN,NaN,NaN,NaN,NaN,NaN,NaN,NaN,NaN,NaN,NaN,NaN,5.43
297.5,NaN,NaN,NaN,NaN,NaN,NaN,NaN,NaN,NaN,NaN,NaN,NaN,NaN,NaN,NaN,NaN,NaN,NaN,NaN,5.21
298,NaN,NaN,NaN,NaN,NaN,NaN,NaN,NaN,NaN,NaN,NaN,NaN,NaN,NaN,NaN,NaN,NaN,NaN,NaN,5.13
298.5,NaN,NaN,NaN,NaN,NaN,NaN,NaN,NaN,NaN,NaN,NaN,NaN,NaN,NaN,NaN,NaN,NaN,NaN,NaN,4.92
299,NaN,NaN,NaN,NaN,NaN,NaN,NaN,NaN,NaN,NaN,NaN,NaN,NaN,NaN,NaN,NaN,NaN,NaN,NaN,4.74
299.5,NaN,NaN,NaN,NaN,NaN,NaN,NaN,NaN,NaN,NaN,NaN,NaN,NaN,NaN,NaN,NaN,NaN,NaN,NaN,4.55
300,NaN,NaN,NaN,NaN,NaN,NaN,NaN,NaN,NaN,NaN,NaN,NaN,NaN,NaN,NaN,NaN,NaN,NaN,NaN,4.34
300.5,NaN,NaN,NaN,NaN,NaN,NaN,NaN,NaN,NaN,NaN,NaN,NaN,NaN,NaN,NaN,NaN,NaN,NaN,NaN,4.17
301,NaN,NaN,NaN,NaN,NaN,NaN,NaN,NaN,NaN,NaN,NaN,NaN,NaN,NaN,NaN,NaN,NaN,NaN,NaN,3.94
301.5,NaN,NaN,NaN,NaN,NaN,NaN,NaN,NaN,NaN,NaN,NaN,NaN,NaN,NaN,NaN,NaN,NaN,NaN,NaN,3.77
302,NaN,NaN,NaN,NaN,NaN,NaN,NaN,NaN,NaN,NaN,NaN,NaN,NaN,NaN,NaN,NaN,NaN,NaN,NaN,3.55
302.5,NaN,NaN,NaN,NaN,NaN,NaN,NaN,NaN,NaN,NaN,NaN,NaN,NaN,NaN,NaN,NaN,NaN,NaN,NaN,3.33
303,NaN,NaN,NaN,NaN,NaN,NaN,NaN,NaN,NaN,NaN,NaN,NaN,NaN,NaN,NaN,NaN,NaN,NaN,NaN,3.13
303.5,NaN,NaN,NaN,NaN,NaN,NaN,NaN,NaN,NaN,NaN,NaN,NaN,NaN,NaN,NaN,NaN,NaN,NaN,NaN,2.95
304,NaN,NaN,NaN,NaN,NaN,NaN,NaN,NaN,NaN,NaN,NaN,NaN,NaN,NaN,NaN,NaN,NaN,NaN,NaN,2.83
304.5,NaN,NaN,NaN,NaN,NaN,NaN,NaN,NaN,NaN,NaN,NaN,NaN,NaN,NaN,NaN,NaN,NaN,NaN,NaN,2.62
305,NaN,NaN,NaN,NaN,NaN,NaN,NaN,NaN,NaN,NaN,NaN,NaN,NaN,NaN,NaN,NaN,NaN,NaN,NaN,2.44
305.5,NaN,NaN,NaN,NaN,NaN,NaN,NaN,NaN,NaN,NaN,NaN,NaN,NaN,NaN,NaN,NaN,NaN,NaN,NaN,2.26
306,NaN,NaN,NaN,NaN,NaN,NaN,NaN,NaN,NaN,NaN,NaN,NaN,NaN,NaN,NaN,NaN,NaN,NaN,NaN,2.10
306.5,NaN,NaN,NaN,NaN,NaN,NaN,NaN,NaN,NaN,NaN,NaN,NaN,NaN,NaN,NaN,NaN,NaN,NaN,NaN,2.06
307,NaN,NaN,NaN,NaN,NaN,NaN,NaN,NaN,NaN,NaN,NaN,NaN,NaN,NaN,NaN,NaN,NaN,NaN,NaN,2.04
307.5,NaN,NaN,NaN,NaN,NaN,NaN,NaN,NaN,NaN,NaN,NaN,NaN,NaN,NaN,NaN,NaN,NaN,NaN,NaN,2.06
308,NaN,NaN,NaN,NaN,NaN,NaN,NaN,NaN,NaN,NaN,NaN,NaN,NaN,NaN,NaN,NaN,NaN,NaN,NaN,2.09
308.5,NaN,NaN,NaN,NaN,NaN,NaN,NaN,NaN,NaN,NaN,NaN,NaN,NaN,NaN,NaN,NaN,NaN,NaN,NaN,2.08
309,NaN,NaN,NaN,NaN,NaN,NaN,NaN,NaN,NaN,NaN,NaN,NaN,NaN,NaN,NaN,NaN,NaN,NaN,NaN,2.05
309.5,NaN,NaN,NaN,NaN,NaN,NaN,NaN,NaN,NaN,NaN,NaN,NaN,NaN,NaN,NaN,NaN,NaN,NaN,NaN,2.06
310,NaN,NaN,NaN,NaN,NaN,NaN,NaN,NaN,NaN,NaN,NaN,NaN,NaN,NaN,NaN,NaN,NaN,NaN,NaN,2.04
310.5,NaN,NaN,NaN,NaN,NaN,NaN,NaN,NaN,NaN,NaN,NaN,NaN,NaN,NaN,NaN,NaN,NaN,NaN,NaN,2.03
311,NaN,NaN,NaN,NaN,NaN,NaN,NaN,NaN,NaN,NaN,NaN,NaN,NaN,NaN,NaN,NaN,NaN,NaN,NaN,2.03
311.5,NaN,NaN,NaN,NaN,NaN,NaN,NaN,NaN,NaN,NaN,NaN,NaN,NaN,NaN,NaN,NaN,NaN,NaN,NaN,2.05
312,NaN,NaN,NaN,NaN,NaN,NaN,NaN,NaN,NaN,NaN,NaN,NaN,NaN,NaN,NaN,NaN,NaN,NaN,NaN,2.07
312.5,NaN,NaN,NaN,NaN,NaN,NaN,NaN,NaN,NaN,NaN,NaN,NaN,NaN,NaN,NaN,NaN,NaN,NaN,NaN,2.05
313,NaN,NaN,NaN,NaN,NaN,NaN,NaN,NaN,NaN,NaN,NaN,NaN,NaN,NaN,NaN,NaN,NaN,NaN,NaN,2.04
313.5,NaN,NaN,NaN,NaN,NaN,NaN,NaN,NaN,NaN,NaN,NaN,NaN,NaN,NaN,NaN,NaN,NaN,NaN,NaN,2.02
314,NaN,NaN,NaN,NaN,NaN,NaN,NaN,NaN,NaN,NaN,NaN,NaN,NaN,NaN,NaN,NaN,NaN,NaN,NaN,2.01
314.5,NaN,NaN,NaN,NaN,NaN,NaN,NaN,NaN,NaN,NaN,NaN,NaN,NaN,NaN,NaN,NaN,NaN,NaN,NaN,1.95
315,NaN,NaN,NaN,NaN,NaN,NaN,NaN,NaN,NaN,NaN,NaN,NaN,NaN,NaN,NaN,NaN,NaN,NaN,NaN,1.88
315.5,NaN,NaN,NaN,NaN,NaN,NaN,NaN,NaN,NaN,NaN,NaN,NaN,NaN,NaN,NaN,NaN,NaN,NaN,NaN,1.87
